pcell_cid,pcell_freq,nrcell_cid,nrcell_freq,scell1_cid,scell1_freq,scell2_cid,scell2_freq,scell3_cid,scell3_freq,nrscell1_cid,nrscell1_freq,nrscell2_cid,nrscell2_freq,nrscell3_cid,nrscell3_freq,instance_number,duration_sample_number
446,5230,None,None,None,None,None,None,None,None,None,None,None,None,None,None,1,60
39,5230,None,None,39,2350,39,2100,None,None,None,None,None,None,None,None,27,4779
216,66586,None,None,216,66836,216,5230,None,None,None,None,None,None,None,None,4,157
217,66586,None,None,217,67086,217,66836,None,None,None,None,None,None,None,None,9,1138
407,66586,407,176930,407,67086,407,1100,None,None,None,None,None,None,None,None,1,46
255,66586,407,176930,255,66836,255,1100,None,None,None,None,None,None,None,None,1,6
255,66586,255,176930,255,66836,255,1100,None,None,None,None,None,None,None,None,27,5516
255,66586,255,176930,255,67086,255,1100,None,None,None,None,None,None,None,None,26,4444
255,66586,257,176930,255,67086,255,1100,None,None,None,None,None,None,None,None,19,885
3,66836,96,176930,97,1100,3,66586,None,None,None,None,None,None,None,None,12,470
387,66836,96,176930,387,1100,387,66586,None,None,None,None,None,None,None,None,1,22
387,66836,97,176930,387,1100,387,66586,None,None,None,None,None,None,None,None,4,130
39,66836,97,176930,39,66586,None,None,None,None,None,None,None,None,None,None,12,1650
217,66836,97,176930,255,1100,217,67086,None,None,None,None,None,None,None,None,3,432
217,66836,255,176930,255,1100,217,67086,None,None,None,None,None,None,None,None,2,57
218,66836,255,176930,255,1100,218,66586,None,None,None,None,None,None,None,None,16,2530
3,66836,97,176930,97,1100,3,66586,None,None,None,None,None,None,None,None,23,1783
96,66836,96,176930,96,66586,96,1100,None,None,None,None,None,None,None,None,2,195
96,66836,97,176930,96,66586,96,1100,None,None,None,None,None,None,None,None,4,212
217,66836,97,176930,255,1100,217,66586,None,None,None,None,None,None,None,None,7,429
None,None,None,None,None,None,None,None,None,None,None,None,None,None,None,None,172,3799
217,66836,None,None,None,None,None,None,None,None,None,None,None,None,None,None,2,318
218,66836,None,None,None,None,None,None,None,None,None,None,None,None,None,None,3,155
39,66586,None,None,39,66836,39,5230,None,None,None,None,None,None,None,None,22,3280
217,66586,None,None,217,66836,217,67086,None,None,None,None,None,None,None,None,6,565
96,66586,None,None,325,56442,324,56293,326,56640,None,None,None,None,None,None,1,4
96,66586,96,176930,96,67086,96,1100,None,None,None,None,None,None,None,None,1,20
39,66586,96,176930,39,66836,None,None,None,None,None,None,None,None,None,None,1,4
255,66586,None,None,255,55344,255,55542,255,55740,None,None,None,None,None,None,1,7
255,66836,None,None,255,55344,255,55542,255,55740,None,None,None,None,None,None,1,6
218,66586,None,None,218,66836,218,67086,None,None,None,None,None,None,None,None,6,779
218,66586,257,176930,218,66836,None,None,None,None,None,None,None,None,None,None,1,11
255,66586,None,None,255,67086,255,66836,255,1100,None,None,None,None,None,None,14,376
255,66586,257,176930,255,66836,255,1100,None,None,None,None,None,None,None,None,20,341
437,66586,None,None,437,66836,437,5230,None,None,None,None,None,None,None,None,13,668
437,66586,720,2078331,437,66836,437,5230,None,None,None,None,None,None,None,None,3,78
257,66586,None,None,257,66836,257,67086,257,1100,None,None,None,None,None,None,7,388
257,66586,257,176930,257,67086,257,1100,None,None,None,None,None,None,None,None,27,5094
437,66586,719,2078331,437,66836,437,5230,None,None,None,None,None,None,None,None,1,206
436,66586,None,None,436,66836,436,5230,None,None,None,None,None,None,None,None,4,888
436,66586,256,176930,436,66836,None,None,None,None,None,None,None,None,None,None,3,184
436,66586,257,176930,436,66836,None,None,None,None,None,None,None,None,None,None,18,3052
436,66586,97,176930,436,66836,None,None,None,None,None,None,None,None,None,None,8,429
435,66586,None,None,97,1100,435,66836,435,5230,None,None,None,None,None,None,1,26
435,66586,257,176930,97,1100,435,66836,None,None,None,None,None,None,None,None,9,1064
435,66586,97,176930,97,1100,435,66836,None,None,None,None,None,None,None,None,13,641
435,66586,96,176930,97,1100,435,66836,None,None,None,None,None,None,None,None,1,1
3,66586,None,None,97,1100,3,66836,3,5230,None,None,None,None,None,None,2,44
407,66586,255,176930,407,66836,407,1100,None,None,None,None,None,None,None,None,1,27
255,66586,None,None,255,66836,255,67086,255,1100,None,None,None,None,None,None,6,241
216,66836,None,None,216,66586,216,5230,None,None,None,None,None,None,None,None,2,287
39,66836,None,None,39,66586,39,5230,None,None,None,None,None,None,None,None,6,652
218,66836,None,None,218,67086,218,66586,255,1100,None,None,None,None,None,None,4,469
255,66836,None,None,None,None,None,None,None,None,None,None,None,None,None,None,7,137
255,66836,257,176930,255,67086,255,1100,None,None,None,None,None,None,None,None,13,419
255,66836,None,None,255,67086,255,66586,255,1100,None,None,None,None,None,None,6,60
255,66836,720,2078331,255,67086,255,66586,255,1100,None,None,None,None,None,None,3,119
436,66836,None,None,436,66586,436,5230,None,None,None,None,None,None,None,None,10,4028
436,66836,720,2078331,436,66586,436,5230,None,None,None,None,None,None,None,None,1,12
257,66836,None,None,257,67086,257,66586,257,1100,None,None,None,None,None,None,4,22
257,66836,257,176930,257,66586,257,1100,None,None,None,None,None,None,None,None,26,2614
437,66836,None,None,437,66586,437,5230,None,None,None,None,None,None,None,None,8,194
437,66836,720,2078331,437,66586,437,5230,None,None,None,None,None,None,None,None,1,1
437,66836,719,2078331,437,66586,437,5230,None,None,None,None,None,None,None,None,2,254
257,66836,257,176930,257,67086,257,1100,None,None,None,None,None,None,None,None,32,4108
257,66836,None,None,257,66586,257,67086,257,1100,None,None,None,None,None,None,5,173
257,66836,None,None,None,None,None,None,None,None,None,None,None,None,None,None,13,477
257,66836,256,176930,257,67086,257,1100,None,None,None,None,None,None,None,None,3,14
437,66836,255,176930,437,66586,None,None,None,None,None,None,None,None,None,None,5,80
437,66836,257,176930,437,66586,None,None,None,None,None,None,None,None,None,None,29,2952
255,66836,255,176930,255,66586,255,1100,None,None,None,None,None,None,None,None,24,3996
255,66836,257,176930,255,66586,255,1100,None,None,None,None,None,None,None,None,23,1141
39,66586,None,None,None,None,None,None,None,None,None,None,None,None,None,None,13,1197
407,5230,None,None,407,1100,None,None,None,None,None,None,None,None,None,None,1,4
407,5230,None,None,None,None,None,None,None,None,None,None,None,None,None,None,1,4
255,5230,None,None,255,66836,255,1100,255,66586,None,None,None,None,None,None,1,217
407,67086,255,176930,407,66586,407,1100,None,None,None,None,None,None,None,None,1,73
255,67086,None,None,255,66836,255,66586,255,1100,None,None,None,None,None,None,1,54
218,66586,257,176930,218,67086,None,None,None,None,None,None,None,None,None,None,4,163
255,66586,720,2078331,255,67086,255,66836,255,1100,None,None,None,None,None,None,1,43
437,5230,None,None,None,None,None,None,None,None,None,None,None,None,None,None,51,12237
437,5230,719,2078331,437,2350,437,2100,None,None,None,None,None,None,None,None,15,4335
257,5230,None,None,257,66836,257,66586,257,1100,None,None,None,None,None,None,40,4669
255,5230,None,None,None,None,None,None,None,None,None,None,None,None,None,None,41,5497
108,66586,None,None,None,None,None,None,None,None,None,None,None,None,None,None,1,45
217,66586,None,None,None,None,None,None,None,None,None,None,None,None,None,None,9,1313
257,5230,None,None,None,None,None,None,None,None,None,None,None,None,None,None,72,8630
257,5230,720,2078331,257,1100,257,66586,257,66836,None,None,None,None,None,None,1,3
437,5230,None,None,437,2350,437,2100,None,None,None,None,None,None,None,None,73,10354
437,5230,257,176930,437,2350,437,2100,None,None,None,None,None,None,None,None,1,1
437,5230,720,2078331,437,2350,437,2100,None,None,None,None,None,None,None,None,4,26
437,5230,310,176930,437,2350,437,2100,None,None,None,None,None,None,None,None,1,1
436,5230,None,None,436,2350,436,2100,None,None,None,None,None,None,None,None,63,19023
435,5230,None,None,435,66836,435,66586,97,1100,None,None,None,None,None,None,48,3603
435,5230,720,2078331,435,66836,435,66586,97,1100,None,None,None,None,None,None,1,1
435,5230,133,2078331,435,66836,435,66586,97,1100,None,None,None,None,None,None,11,694
435,5230,719,2078331,435,66836,435,66586,97,1100,None,None,None,None,None,None,1,1
435,5230,134,2078331,435,66836,435,66586,97,1100,None,None,None,None,None,None,6,346
3,5230,None,None,3,66836,97,1100,3,66586,None,None,None,None,None,None,1,127
97,66836,97,176930,97,67086,97,1100,None,None,None,None,None,None,None,None,29,3672
257,66836,97,176930,257,67086,257,1100,None,None,None,None,None,None,None,None,8,798
97,66836,97,176930,97,66586,97,1100,None,None,None,None,None,None,None,None,20,3262
97,66836,257,176930,97,66586,97,1100,None,None,None,None,None,None,None,None,13,1131
257,66836,97,176930,257,66586,257,1100,None,None,None,None,None,None,None,None,10,983
436,66836,257,176930,436,66586,None,None,None,None,None,None,None,None,None,None,35,7285
436,66836,97,176930,436,66586,None,None,None,None,None,None,None,None,None,None,18,756
435,66836,257,176930,97,1100,435,66586,None,None,None,None,None,None,None,None,16,1803
39,66836,None,None,None,None,None,None,None,None,None,None,None,None,None,None,5,396
255,66836,None,None,255,66586,255,67086,255,1100,None,None,None,None,None,None,4,58
255,66836,720,2078331,255,66586,255,67086,255,1100,None,None,None,None,None,None,1,49
257,2561,None,None,None,None,None,None,None,None,None,None,None,None,None,None,6,3137
255,2561,None,None,None,None,None,None,None,None,None,None,None,None,None,None,2,978
255,2561,715,2078331,255,2100,255,2350,255,1100,None,None,None,None,None,None,1,53
255,2561,None,None,255,2100,255,2350,255,1100,None,None,None,None,None,None,1,126
257,1100,None,None,257,66836,257,67086,257,66586,None,None,None,None,None,None,7,1101
255,1100,None,None,None,None,None,None,None,None,None,None,None,None,None,None,10,982
255,1100,257,176930,255,66586,255,66836,None,None,None,None,None,None,None,None,7,388
257,1100,257,176930,257,66836,257,67086,None,None,None,None,None,None,None,None,9,1196
255,1100,257,176930,255,66586,255,67086,None,None,None,None,None,None,None,None,8,333
255,1100,255,176930,255,66586,255,67086,None,None,None,None,None,None,None,None,12,2354
255,1100,97,176930,255,66586,255,67086,None,None,None,None,None,None,None,None,5,69
387,1100,97,176930,387,66586,387,66836,None,None,None,None,None,None,None,None,6,937
387,1100,None,None,387,66586,387,66836,387,5230,None,None,None,None,None,None,2,302
340,1100,None,None,None,None,None,None,None,None,None,None,None,None,None,None,1,70
72,1100,None,None,72,66586,72,67086,72,66836,None,None,None,None,None,None,1,29
257,1100,None,None,257,66836,257,66586,257,67086,None,None,None,None,None,None,6,111
257,1100,255,176930,257,66586,257,67086,None,None,None,None,None,None,None,None,4,156
257,1100,257,176930,257,66586,257,67086,None,None,None,None,None,None,None,None,8,2971
97,1100,257,176930,97,66586,97,67086,None,None,None,None,None,None,None,None,17,479
97,1100,97,176930,97,66586,97,67086,None,None,None,None,None,None,None,None,13,2390
257,1100,None,None,257,67086,257,66836,257,66586,None,None,None,None,None,None,1,9
257,1100,256,176930,257,66586,257,67086,None,None,None,None,None,None,None,None,1,8
435,5230,None,None,None,None,None,None,None,None,None,None,None,None,None,None,29,1508
3,5230,None,None,3,66586,97,1100,3,66836,None,None,None,None,None,None,7,1058
3,5230,256,176930,3,66586,97,1100,3,66836,None,None,None,None,None,None,1,1
3,5230,452,2078331,3,66586,97,1100,3,66836,None,None,None,None,None,None,3,290
3,5230,None,None,3,66836,3,66586,97,1100,None,None,None,None,None,None,29,4367
97,5230,None,None,None,None,None,None,None,None,None,None,None,None,None,None,44,2808
97,5230,450,2078331,97,66586,97,67086,97,1100,None,None,None,None,None,None,2,506
97,5230,None,None,97,66836,97,66586,97,1100,None,None,None,None,None,None,28,3458
97,5230,70,2078331,97,66836,97,66586,97,1100,None,None,None,None,None,None,2,127
436,5230,None,None,None,None,None,None,None,None,None,None,None,None,None,None,40,10469
436,5230,70,2078331,436,2350,436,2100,None,None,None,None,None,None,None,None,5,218
436,5230,133,2078331,436,2350,436,2100,None,None,None,None,None,None,None,None,3,146
435,5230,None,None,435,66586,97,1100,435,66836,None,None,None,None,None,None,7,410
435,5230,133,2078331,435,66586,97,1100,435,66836,None,None,None,None,None,None,3,88
435,5230,134,2078331,435,66586,97,1100,435,66836,None,None,None,None,None,None,1,22
3,5230,None,None,None,None,None,None,None,None,None,None,None,None,None,None,17,1912
4,5230,None,None,None,None,None,None,None,None,None,None,None,None,None,None,2,30
96,5230,None,None,96,67086,96,66836,96,1100,None,None,None,None,None,None,2,182
387,5230,None,None,None,None,None,None,None,None,None,None,None,None,None,None,2,39
127,5230,None,None,None,None,None,None,None,None,None,None,None,None,None,None,6,165
39,5230,None,None,None,None,None,None,None,None,None,None,None,None,None,None,38,18398
255,5230,720,2078331,255,67086,255,66836,255,1100,None,None,None,None,None,None,4,214
257,1100,257,176930,257,66586,257,66836,None,None,None,None,None,None,None,None,37,9563
257,1100,255,176930,257,66586,257,66836,None,None,None,None,None,None,None,None,7,187
255,1100,255,176930,255,66836,255,67086,None,None,None,None,None,None,None,None,14,5653
255,1100,257,176930,255,66836,255,67086,None,None,None,None,None,None,None,None,13,638
255,5230,720,2078331,255,66836,255,66586,255,1100,None,None,None,None,None,None,2,73
255,5230,None,None,255,67086,255,66836,255,1100,None,None,None,None,None,None,20,3697
437,5230,744,2078331,437,2350,437,2100,None,None,None,None,None,None,None,None,4,329
436,5230,719,2078331,436,2350,436,2100,None,None,None,None,None,None,None,None,1,1
97,5230,None,None,97,1100,97,67086,97,66836,None,None,None,None,None,None,5,726
39,66836,255,176930,39,66586,None,None,None,None,None,None,None,None,None,None,7,217
218,66836,257,176930,255,1100,218,66586,None,None,None,None,None,None,None,None,4,149
257,66836,255,176930,257,66586,257,1100,None,None,None,None,None,None,None,None,4,117
255,66836,97,176930,255,66586,255,1100,None,None,None,None,None,None,None,None,3,27
59,66836,None,None,59,66586,59,1100,59,5230,None,None,None,None,None,None,1,14
148,66836,None,None,None,None,None,None,None,None,None,None,None,None,None,None,1,9
10,66836,None,None,10,66586,10,5230,None,None,None,None,None,None,None,None,2,406
218,66836,None,None,218,66586,218,67086,255,1100,None,None,None,None,None,None,7,575
255,66836,255,176930,255,67086,255,1100,None,None,None,None,None,None,None,None,15,5020
257,66836,255,176930,257,67086,257,1100,None,None,None,None,None,None,None,None,3,135
218,66836,255,176930,255,1100,218,67086,None,None,None,None,None,None,None,None,11,1166
148,66836,255,176930,148,66586,None,None,None,None,None,None,None,None,None,None,1,45
217,66836,96,176930,255,1100,217,66586,None,None,None,None,None,None,None,None,3,99
217,66836,311,176930,255,1100,217,66586,None,None,None,None,None,None,None,None,1,4
217,66836,None,None,217,66586,217,67086,255,1100,None,None,None,None,None,None,1,63
436,66836,None,None,None,None,None,None,None,None,None,None,None,None,None,None,7,2671
435,5230,None,None,97,1100,435,66836,435,66586,None,None,None,None,None,None,2,93
435,5230,133,2078331,97,1100,435,66836,435,66586,None,None,None,None,None,None,1,74
97,5230,None,None,97,67086,97,66836,97,1100,None,None,None,None,None,None,30,2963
97,5230,None,None,97,66586,97,67086,97,1100,None,None,None,None,None,None,13,1138
39,5230,None,None,39,2100,39,2350,None,None,None,None,None,None,None,None,9,1633
255,5230,None,None,255,67086,255,66586,255,1100,None,None,None,None,None,None,12,2834
255,5230,720,2078331,255,67086,255,66586,255,1100,None,None,None,None,None,None,5,123
257,5230,None,None,257,66836,257,67086,257,1100,None,None,None,None,None,None,7,806
257,5230,None,None,257,67086,257,1100,257,66836,None,None,None,None,None,None,6,293
10,5230,None,None,None,None,None,None,None,None,None,None,None,None,None,None,15,1491
217,66836,None,None,217,67086,217,66586,255,1100,None,None,None,None,None,None,8,664
97,66836,257,176930,97,67086,97,1100,None,None,None,None,None,None,None,None,21,601
257,66586,97,176930,257,66836,257,1100,None,None,None,None,None,None,None,None,9,1487
257,66586,257,176930,257,66836,257,1100,None,None,None,None,None,None,None,None,34,3998
3,66586,97,176930,97,1100,3,66836,None,None,None,None,None,None,None,None,13,1450
436,66836,256,176930,436,66586,None,None,None,None,None,None,None,None,None,None,2,34
435,66836,97,176930,97,1100,435,66586,None,None,None,None,None,None,None,None,21,1007
39,66836,96,176930,39,66586,None,None,None,None,None,None,None,None,None,None,1,42
257,2561,720,2078331,257,67086,257,66836,257,1100,None,None,None,None,None,None,1,26
257,2561,None,None,257,2350,257,2100,257,1100,None,None,None,None,None,None,3,1584
257,2561,719,2078331,257,2350,257,2100,257,1100,None,None,None,None,None,None,1,247
97,2561,None,None,97,2100,97,2350,97,1100,None,None,None,None,None,None,3,306
255,2561,None,None,255,67086,255,66836,255,1100,None,None,None,None,None,None,2,1108
98,2561,None,None,98,2350,98,2100,98,1100,None,None,None,None,None,None,1,25
97,5230,None,None,97,67086,97,66586,97,1100,None,None,None,None,None,None,17,1710
96,5230,None,None,96,67086,96,66586,96,1100,None,None,None,None,None,None,2,38
388,5230,None,None,None,None,None,None,None,None,None,None,None,None,None,None,1,13
437,66586,257,176930,437,66836,None,None,None,None,None,None,None,None,None,None,32,1741
3,5230,452,2078331,3,66836,3,66586,97,1100,None,None,None,None,None,None,10,1759
180,66586,97,176930,180,66836,None,None,None,None,None,None,None,None,None,None,4,477
97,66586,97,176930,97,66836,97,1100,None,None,None,None,None,None,None,None,15,1411
97,66586,257,176930,97,66836,97,1100,None,None,None,None,None,None,None,None,12,1057
39,66586,97,176930,39,66836,None,None,None,None,None,None,None,None,None,None,7,1693
39,66586,255,176930,39,66836,None,None,None,None,None,None,None,None,None,None,2,62
218,66586,255,176930,218,67086,None,None,None,None,None,None,None,None,None,None,7,493
255,5230,None,None,255,66836,255,66586,255,1100,None,None,None,None,None,None,21,4309
387,1100,255,176930,387,66586,387,66836,None,None,None,None,None,None,None,None,3,38
257,1100,None,None,None,None,None,None,None,None,None,None,None,None,None,None,27,6514
257,1100,97,176930,257,66586,257,66836,None,None,None,None,None,None,None,None,10,212
97,1100,97,176930,97,66836,97,67086,None,None,None,None,None,None,None,None,8,357
97,1100,257,176930,97,66836,97,67086,None,None,None,None,None,None,None,None,7,312
387,1100,96,176930,387,66586,387,66836,None,None,None,None,None,None,None,None,3,190
96,1100,96,176930,96,66586,96,67086,None,None,None,None,None,None,None,None,3,355
96,1100,97,176930,96,66586,96,67086,None,None,None,None,None,None,None,None,5,480
257,1100,97,176930,257,66836,257,67086,None,None,None,None,None,None,None,None,7,268
257,1100,97,176930,257,66586,257,67086,None,None,None,None,None,None,None,None,1,198
97,1100,None,None,None,None,None,None,None,None,None,None,None,None,None,None,18,1692
255,5230,257,176930,255,66836,255,66586,255,1100,None,None,None,None,None,None,1,1
255,1100,255,176930,255,66586,255,66836,None,None,None,None,None,None,None,None,13,14927
255,1100,None,None,255,66836,255,66586,255,67086,None,None,None,None,None,None,3,209
387,1100,None,None,387,66836,387,66586,387,5230,None,None,None,None,None,None,2,403
407,1100,None,None,120,56144,122,56540,121,56342,None,None,None,None,None,None,1,5
407,1100,97,176930,None,None,None,None,None,None,None,None,None,None,None,None,1,15
255,5230,None,None,255,66586,255,67086,255,1100,None,None,None,None,None,None,12,1922
437,5230,255,176930,437,2350,437,2100,None,None,None,None,None,None,None,None,1,1
97,5230,None,None,97,1100,97,66836,97,66586,None,None,None,None,None,None,2,228
10,5230,None,None,10,2350,10,2100,None,None,None,None,None,None,None,None,52,6211
257,5230,None,None,257,1100,257,67086,257,66836,None,None,None,None,None,None,5,819
41,5230,None,None,41,2350,41,2100,None,None,None,None,None,None,None,None,9,732
257,5230,None,None,257,66836,257,1100,257,67086,None,None,None,None,None,None,3,379
257,5230,None,None,257,67086,257,66836,257,1100,None,None,None,None,None,None,38,6506
41,5230,None,None,None,None,None,None,None,None,None,None,None,None,None,None,6,362
435,5230,744,2078331,435,66836,435,66586,97,1100,None,None,None,None,None,None,1,1
108,66586,None,None,108,66836,108,67086,309,1100,None,None,None,None,None,None,1,48
216,66586,None,None,None,None,None,None,None,None,None,None,None,None,None,None,1,98
96,66586,97,176930,96,66836,96,1100,None,None,None,None,None,None,None,None,1,49
437,66586,255,176930,437,66836,None,None,None,None,None,None,None,None,None,None,2,23
437,5230,97,176930,437,2350,437,2100,None,None,None,None,None,None,None,None,2,2
435,66836,96,176930,97,1100,435,66586,None,None,None,None,None,None,None,None,2,101
96,1100,97,176930,96,66586,96,66836,None,None,None,None,None,None,None,None,5,878
407,1100,97,176930,121,56342,None,None,None,None,None,None,None,None,None,None,1,58
340,1100,255,176930,340,66586,340,66836,None,None,None,None,None,None,None,None,1,71
340,1100,257,176930,340,66586,340,66836,None,None,None,None,None,None,None,None,1,28
72,1100,257,176930,72,66586,72,66836,None,None,None,None,None,None,None,None,1,6
257,1100,256,176930,257,66586,257,66836,None,None,None,None,None,None,None,None,9,245
340,1100,None,None,340,66586,340,66836,340,5230,None,None,None,None,None,None,1,57
97,5230,450,2078331,97,66586,97,66836,97,1100,None,None,None,None,None,None,2,470
255,5230,134,2078331,255,66586,255,67086,255,1100,None,None,None,None,None,None,1,1
255,5230,720,2078331,255,66586,255,67086,255,1100,None,None,None,None,None,None,2,90
257,66586,None,None,257,67086,257,66836,257,1100,None,None,None,None,None,None,10,727
257,66586,256,176930,257,66836,257,1100,None,None,None,None,None,None,None,None,4,29
436,5230,720,2078331,436,2350,436,2100,None,None,None,None,None,None,None,None,1,11
257,5230,720,2078331,257,67086,257,66836,257,1100,None,None,None,None,None,None,1,22
3,66586,None,None,None,None,None,None,None,None,None,None,None,None,None,None,2,129
3,66586,96,176930,97,1100,3,66836,None,None,None,None,None,None,None,None,3,99
5,66586,97,176930,96,1100,5,66836,None,None,None,None,None,None,None,None,2,43
97,66586,97,176930,97,67086,97,1100,None,None,None,None,None,None,None,None,13,3314
97,66586,257,176930,97,67086,97,1100,None,None,None,None,None,None,None,None,14,497
436,66586,255,176930,436,66836,None,None,None,None,None,None,None,None,None,None,1,232
387,66586,97,176930,387,1100,387,66836,None,None,None,None,None,None,None,None,2,14
387,66586,96,176930,387,1100,387,66836,None,None,None,None,None,None,None,None,1,6
218,66586,None,None,None,None,None,None,None,None,None,None,None,None,None,None,6,293
437,66586,None,None,None,None,None,None,None,None,None,None,None,None,None,None,6,691
255,5230,None,None,255,66836,255,67086,255,1100,None,None,None,None,None,None,5,1005
255,5230,711,2078331,255,67086,255,66836,255,1100,None,None,None,None,None,None,1,97
257,5230,None,None,257,66586,257,66836,257,1100,None,None,None,None,None,None,15,2484
255,66586,None,None,None,None,None,None,None,None,None,None,None,None,None,None,9,258
108,66586,None,None,108,67086,108,66836,309,1100,None,None,None,None,None,None,1,33
97,5230,None,None,97,66836,97,67086,97,1100,None,None,None,None,None,None,9,1043
97,5230,452,2078331,97,66836,97,67086,97,1100,None,None,None,None,None,None,1,1
97,5230,450,2078331,97,66836,97,67086,97,1100,None,None,None,None,None,None,1,163
97,67086,None,None,327,55744,328,55942,329,56140,None,None,None,None,None,None,2,8
97,67086,70,2078331,327,55744,328,55942,329,56140,None,None,None,None,None,None,1,263
97,67086,257,176930,97,66586,97,1100,None,None,None,None,None,None,None,None,16,383
257,67086,None,None,257,66586,257,66836,257,1100,None,None,None,None,None,None,3,489
97,67086,None,None,328,55942,327,55744,329,56140,None,None,None,None,None,None,1,13
97,67086,97,176930,97,66836,97,1100,None,None,None,None,None,None,None,None,13,1311
257,67086,None,None,257,66836,257,66586,257,1100,None,None,None,None,None,None,1,219
96,67086,None,None,None,None,None,None,None,None,None,None,None,None,None,None,2,234
96,67086,97,176930,96,66836,96,1100,None,None,None,None,None,None,None,None,5,649
96,67086,96,176930,96,66836,96,1100,None,None,None,None,None,None,None,None,2,41
96,67086,255,176930,96,66836,96,1100,None,None,None,None,None,None,None,None,2,14
96,67086,None,None,324,55744,325,55942,326,56140,None,None,None,None,None,None,1,5
104,67086,97,176930,104,66836,104,1100,None,None,None,None,None,None,None,None,1,107
206,67086,None,None,206,66586,206,66836,206,1100,None,None,None,None,None,None,1,12
255,67086,None,None,255,66586,255,66836,255,1100,None,None,None,None,None,None,1,55
267,67086,None,None,None,None,None,None,None,None,None,None,None,None,None,None,1,5
218,67086,None,None,218,66836,218,66586,218,1100,None,None,None,None,None,None,1,15
257,5230,None,None,257,66586,257,1100,257,67086,None,None,None,None,None,None,8,940
255,5230,711,2078331,255,66586,255,66836,255,1100,None,None,None,None,None,None,1,39
255,5230,None,None,255,66586,255,66836,255,1100,None,None,None,None,None,None,5,1185
3,5230,134,2078331,3,66586,97,1100,3,66836,None,None,None,None,None,None,1,1
97,5230,134,2078331,97,66586,97,67086,97,1100,None,None,None,None,None,None,1,1
436,5230,None,None,436,2100,436,2350,None,None,None,None,None,None,None,None,4,438
436,5230,450,2078331,436,2100,436,2350,None,None,None,None,None,None,None,None,1,1
436,5230,70,2078331,436,2100,436,2350,None,None,None,None,None,None,None,None,1,139
435,5230,450,2078331,435,66836,435,66586,97,1100,None,None,None,None,None,None,2,2
437,66836,None,None,None,None,None,None,None,None,None,None,None,None,None,None,9,522
96,66836,None,None,None,None,None,None,None,None,None,None,None,None,None,None,3,185
96,66836,450,2078331,324,55744,325,55942,326,56140,None,None,None,None,None,None,1,21
97,66836,None,None,None,None,None,None,None,None,None,None,None,None,None,None,9,741
97,66836,None,None,327,55744,328,55942,329,56140,None,None,None,None,None,None,2,17
39,66836,257,176930,39,66586,None,None,None,None,None,None,None,None,None,None,4,83
218,66836,257,176930,255,1100,218,67086,None,None,None,None,None,None,None,None,3,94
3,66836,None,None,3,66586,97,1100,3,5230,None,None,None,None,None,None,6,576
3,66836,452,2078331,3,66586,97,1100,3,5230,None,None,None,None,None,None,2,407
41,66836,255,176930,41,66586,None,None,None,None,None,None,None,None,None,None,1,33
257,5230,720,2078331,257,66836,257,66586,257,1100,None,None,None,None,None,None,1,48
255,5230,711,2078331,255,66586,255,67086,255,1100,None,None,None,None,None,None,1,93
255,66586,97,176930,255,67086,255,1100,None,None,None,None,None,None,None,None,4,74
218,66586,97,176930,218,67086,None,None,None,None,None,None,None,None,None,None,3,61
217,66586,97,176930,217,67086,None,None,None,None,None,None,None,None,None,None,7,390
217,66586,98,176930,217,67086,None,None,None,None,None,None,None,None,None,None,1,10
39,66586,98,176930,39,66836,None,None,None,None,None,None,None,None,None,None,1,14
41,66586,None,None,None,None,None,None,None,None,None,None,None,None,None,None,1,37
436,5230,134,2078331,436,2350,436,2100,None,None,None,None,None,None,None,None,1,1
388,5230,None,None,388,1100,388,66586,388,66836,None,None,None,None,None,None,1,19
218,66586,None,None,218,67086,218,66836,None,None,None,None,None,None,None,None,2,154
10,66586,None,None,10,66836,10,5230,None,None,None,None,None,None,None,None,1,12
10,66586,255,176930,10,66836,None,None,None,None,None,None,None,None,None,None,4,341
218,66586,255,176930,218,66836,None,None,None,None,None,None,None,None,None,None,5,181
257,66586,97,176930,257,67086,257,1100,None,None,None,None,None,None,None,None,1,31
39,66586,257,176930,39,66836,None,None,None,None,None,None,None,None,None,None,1,15
255,5230,720,2078331,255,66586,255,66836,255,1100,None,None,None,None,None,None,1,54
96,66586,None,None,None,None,None,None,None,None,None,None,None,None,None,None,2,227
180,66586,None,None,None,None,None,None,None,None,None,None,None,None,None,None,3,97
97,66586,None,None,None,None,None,None,None,None,None,None,None,None,None,None,10,2817
97,66586,450,2078331,None,None,None,None,None,None,None,None,None,None,None,None,1,1
435,66586,None,None,None,None,None,None,None,None,None,None,None,None,None,None,1,5
435,66586,None,None,435,66836,97,1100,435,5230,None,None,None,None,None,None,1,51
180,66586,257,176930,180,66836,None,None,None,None,None,None,None,None,None,None,5,302
257,66586,None,None,None,None,None,None,None,None,None,None,None,None,None,None,16,885
74,66586,None,None,74,67086,74,66836,74,1100,None,None,None,None,None,None,2,398
74,66586,257,176930,74,67086,74,1100,None,None,None,None,None,None,None,None,2,273
257,5230,257,176930,257,66586,257,1100,257,67086,None,None,None,None,None,None,1,1
257,5230,350,2078331,257,66586,257,1100,257,67086,None,None,None,None,None,None,1,349
40,5230,None,None,None,None,None,None,None,None,None,None,None,None,None,None,13,1828
97,5230,450,2078331,None,None,None,None,None,None,None,None,None,None,None,None,2,258
97,5230,70,2078331,None,None,None,None,None,None,None,None,None,None,None,None,1,54
97,67086,None,None,328,56342,329,56540,327,56144,None,None,None,None,None,None,3,35
97,67086,257,176930,97,66836,97,1100,None,None,None,None,None,None,None,None,8,529
257,67086,None,None,None,None,None,None,None,None,None,None,None,None,None,None,2,2604
257,67086,256,176930,257,66586,257,1100,None,None,None,None,None,None,None,None,7,146
257,67086,257,176930,257,66586,257,1100,None,None,None,None,None,None,None,None,14,4303
257,67086,255,176930,257,66586,257,1100,None,None,None,None,None,None,None,None,3,24
257,67086,None,None,257,66836,257,2561,257,1100,None,None,None,None,None,None,1,5
257,67086,97,176930,257,66586,257,1100,None,None,None,None,None,None,None,None,10,450
257,67086,257,176930,257,66836,257,1100,None,None,None,None,None,None,None,None,15,5177
257,67086,256,176930,257,66836,257,1100,None,None,None,None,None,None,None,None,3,30
96,66836,None,None,324,55744,325,55942,326,56140,None,None,None,None,None,None,2,46
96,66836,97,176930,96,67086,96,1100,None,None,None,None,None,None,None,None,3,99
97,66836,256,176930,97,67086,97,1100,None,None,None,None,None,None,None,None,1,2
435,66836,256,176930,97,1100,435,66586,None,None,None,None,None,None,None,None,3,98
435,66836,None,None,97,1100,435,66586,435,5230,None,None,None,None,None,None,7,742
97,66836,None,None,328,56342,329,56540,327,56144,None,None,None,None,None,None,5,421
180,66836,257,176930,180,66586,None,None,None,None,None,None,None,None,None,None,3,149
74,66836,257,176930,74,66586,74,1100,None,None,None,None,None,None,None,None,2,66
257,5230,349,2078331,257,66836,257,66586,257,1100,None,None,None,None,None,None,1,46
40,5230,None,None,40,2350,40,2100,None,None,None,None,None,None,None,None,30,5781
3,5230,450,2078331,3,66836,3,66586,97,1100,None,None,None,None,None,None,3,38
97,67086,None,None,329,56540,328,56342,327,56144,None,None,None,None,None,None,2,198
97,67086,97,176930,97,66586,97,1100,None,None,None,None,None,None,None,None,18,2259
257,67086,97,176930,257,66836,257,1100,None,None,None,None,None,None,None,None,9,147
257,67086,255,176930,257,66836,257,1100,None,None,None,None,None,None,None,None,1,8
255,67086,257,176930,255,66586,255,1100,None,None,None,None,None,None,None,None,3,280
255,67086,255,176930,255,66586,255,1100,None,None,None,None,None,None,None,None,2,571
257,66586,None,None,257,1100,257,66836,257,67086,None,None,None,None,None,None,1,8
257,66586,255,176930,257,67086,257,1100,None,None,None,None,None,None,None,None,1,46
40,66586,257,176930,40,66836,None,None,None,None,None,None,None,None,None,None,18,1194
40,66586,255,176930,40,66836,None,None,None,None,None,None,None,None,None,None,11,530
3,66586,452,2078331,3,66836,97,1100,3,5230,None,None,None,None,None,None,2,423
418,66586,None,None,423,55340,423,56140,418,66836,None,None,None,None,None,None,1,33
257,1100,None,None,257,66586,257,66836,257,67086,None,None,None,None,None,None,6,2890
40,66586,None,None,40,66836,40,5230,None,None,None,None,None,None,None,None,16,2265
40,66586,256,176930,40,66836,None,None,None,None,None,None,None,None,None,None,3,40
5,66836,None,None,5,66586,96,1100,5,5230,None,None,None,None,None,None,1,24
435,66836,None,None,None,None,None,None,None,None,None,None,None,None,None,None,13,1456
218,67086,255,176930,218,66586,None,None,None,None,None,None,None,None,None,None,2,8
218,67086,256,176930,218,66586,None,None,None,None,None,None,None,None,None,None,1,75
40,66836,None,None,None,None,None,None,None,None,None,None,None,None,None,None,9,1376
40,66836,255,176930,40,66586,None,None,None,None,None,None,None,None,None,None,6,674
40,66836,257,176930,40,66586,None,None,None,None,None,None,None,None,None,None,11,893
40,66836,256,176930,40,66586,None,None,None,None,None,None,None,None,None,None,2,15
437,66836,256,176930,437,66586,None,None,None,None,None,None,None,None,None,None,1,6
218,66836,96,176930,255,1100,218,67086,None,None,None,None,None,None,None,None,1,21
40,66586,None,None,None,None,None,None,None,None,None,None,None,None,None,None,9,901
217,66586,96,176930,217,67086,None,None,None,None,None,None,None,None,None,None,2,183
437,66586,256,176930,437,66836,None,None,None,None,None,None,None,None,None,None,1,4
257,66836,256,176930,257,66586,257,1100,None,None,None,None,None,None,None,None,1,5
97,5230,None,None,97,66586,97,66836,97,1100,None,None,None,None,None,None,7,513
97,5230,450,2078331,97,66836,97,66586,97,1100,None,None,None,None,None,None,2,45
97,67086,None,None,None,None,None,None,None,None,None,None,None,None,None,None,1,146
97,1100,None,None,328,56342,329,56540,327,56144,None,None,None,None,None,None,10,1394
257,1100,None,None,257,67086,257,66586,257,66836,None,None,None,None,None,None,3,425
96,1100,None,None,324,55744,325,55942,326,56140,None,None,None,None,None,None,1,370
97,1100,None,None,329,56540,328,56342,327,56144,None,None,None,None,None,None,2,507
257,1100,None,None,257,2561,257,67086,257,66586,None,None,None,None,None,None,1,782
96,1100,None,None,None,None,None,None,None,None,None,None,None,None,None,None,1,268
96,1100,None,None,326,56140,324,55744,325,55942,None,None,None,None,None,None,1,504
3,66586,450,2078331,3,66836,97,1100,3,5230,None,None,None,None,None,None,1,47
74,66586,257,176930,74,66836,74,1100,None,None,None,None,None,None,None,None,3,510
96,1100,96,176930,96,66586,96,66836,None,None,None,None,None,None,None,None,2,44
257,1100,256,176930,257,66836,257,67086,None,None,None,None,None,None,None,None,2,67
97,1100,97,176930,97,66586,97,66836,None,None,None,None,None,None,None,None,12,1024
97,1100,256,176930,97,66586,97,66836,None,None,None,None,None,None,None,None,2,21
97,1100,257,176930,97,66586,97,66836,None,None,None,None,None,None,None,None,13,477
3,5230,None,None,97,1100,3,66836,3,66586,None,None,None,None,None,None,3,209
257,5230,None,None,257,67086,257,66586,257,1100,None,None,None,None,None,None,9,1073
257,5230,None,None,257,66586,257,67086,257,1100,None,None,None,None,None,None,17,3262
97,66836,None,None,327,56144,329,56540,328,56342,None,None,None,None,None,None,1,21
180,66836,97,176930,180,66586,None,None,None,None,None,None,None,None,None,None,5,653
74,66836,97,176930,74,67086,74,1100,None,None,None,None,None,None,None,None,2,20
74,66836,None,None,74,55644,74,55842,74,56040,None,None,None,None,None,None,2,16
74,66836,257,176930,74,67086,74,1100,None,None,None,None,None,None,None,None,4,65
74,66836,None,None,None,None,None,None,None,None,None,None,None,None,None,None,1,10
97,66836,None,None,327,56144,328,56342,329,56540,None,None,None,None,None,None,1,13
97,67086,None,None,327,56144,329,56540,328,56342,None,None,None,None,None,None,1,16
257,67086,None,None,257,55740,257,55542,257,55344,None,None,None,None,None,None,1,3
74,67086,None,None,74,55644,74,55842,74,56040,None,None,None,None,None,None,3,18
74,67086,97,176930,74,66586,74,1100,None,None,None,None,None,None,None,None,2,23
74,67086,257,176930,74,66586,74,1100,None,None,None,None,None,None,None,None,3,69
74,67086,97,176930,74,66836,74,1100,None,None,None,None,None,None,None,None,4,88
74,67086,257,176930,74,66836,74,1100,None,None,None,None,None,None,None,None,4,113
257,67086,None,None,257,55542,257,55344,257,55740,None,None,None,None,None,None,1,11
257,67086,None,None,257,55344,257,55740,257,55542,None,None,None,None,None,None,2,13
257,67086,74,176930,257,66586,257,1100,None,None,None,None,None,None,None,None,1,17
96,67086,97,176930,96,66586,96,1100,None,None,None,None,None,None,None,None,2,543
97,67086,None,None,327,56144,328,56342,329,56540,None,None,None,None,None,None,1,7
257,67086,None,None,257,2561,257,66836,257,1100,None,None,None,None,None,None,1,9
257,67086,74,176930,257,66836,257,1100,None,None,None,None,None,None,None,None,1,23
255,67086,257,176930,255,66836,255,1100,None,None,None,None,None,None,None,None,1,34
256,66586,97,176930,256,66836,256,1100,None,None,None,None,None,None,None,None,1,14
74,66586,97,176930,74,67086,74,1100,None,None,None,None,None,None,None,None,1,9
74,66586,97,176930,74,66836,74,1100,None,None,None,None,None,None,None,None,1,20
257,66586,None,None,257,55740,257,55542,257,55344,None,None,None,None,None,None,2,30
96,1100,97,176930,96,66836,96,67086,None,None,None,None,None,None,None,None,1,90
3,66836,None,None,97,1100,3,66586,3,5230,None,None,None,None,None,None,4,657
40,66836,720,2078331,40,66586,40,5230,None,None,None,None,None,None,None,None,1,41
40,66836,None,None,40,66586,40,5230,None,None,None,None,None,None,None,None,6,1163
257,1100,None,None,257,55740,257,55542,257,55344,None,None,None,None,None,None,8,3938
255,1100,97,176930,255,66836,255,67086,None,None,None,None,None,None,None,None,6,220
255,1100,96,176930,255,66836,255,67086,None,None,None,None,None,None,None,None,1,4
255,1100,None,None,255,56442,255,56244,255,56640,None,None,None,None,None,None,2,92
255,1100,None,None,255,2561,255,67086,255,66586,None,None,None,None,None,None,1,6
255,1100,None,None,255,66586,255,2561,255,67086,None,None,None,None,None,None,1,31
40,5230,720,2078331,40,2350,40,2100,None,None,None,None,None,None,None,None,1,5
40,5230,97,176930,40,2350,40,2100,None,None,None,None,None,None,None,None,1,1
40,5230,719,2078331,40,2350,40,2100,None,None,None,None,None,None,None,None,2,258
217,66586,255,176930,217,66836,None,None,None,None,None,None,None,None,None,None,5,419
217,66586,255,176930,217,67086,None,None,None,None,None,None,None,None,None,None,8,656
255,66586,97,176930,255,66836,255,1100,None,None,None,None,None,None,None,None,7,224
217,66586,97,176930,217,66836,None,None,None,None,None,None,None,None,None,None,3,336
40,66586,97,176930,40,66836,None,None,None,None,None,None,None,None,None,None,4,133
40,66586,720,2078331,40,66836,40,5230,None,None,None,None,None,None,None,None,1,38
341,5230,None,None,None,None,None,None,None,None,None,None,None,None,None,None,10,1574
255,66586,None,None,255,56640,255,56442,255,56244,None,None,None,None,None,None,5,52
255,66586,167,176930,255,67086,255,1100,None,None,None,None,None,None,None,None,1,5
255,66586,74,176930,255,66836,255,1100,None,None,None,None,None,None,None,None,1,4
255,66586,167,176930,255,66836,255,1100,None,None,None,None,None,None,None,None,1,16
255,5230,711,2078331,255,66836,255,66586,255,1100,None,None,None,None,None,None,1,62
255,66586,None,None,255,66836,255,2561,255,1100,None,None,None,None,None,None,1,4
255,66586,74,176930,255,67086,255,1100,None,None,None,None,None,None,None,None,1,9
218,66586,97,176930,218,66836,None,None,None,None,None,None,None,None,None,None,1,18
255,66586,256,176930,255,66836,255,1100,None,None,None,None,None,None,None,None,1,10
341,5230,None,None,341,1100,341,66586,341,66836,None,None,None,None,None,None,1,158
255,66836,None,None,255,56640,255,56442,255,56244,None,None,None,None,None,None,4,67
255,66836,72,176930,255,66586,255,1100,None,None,None,None,None,None,None,None,1,4
255,66836,None,None,255,67086,255,2561,255,1100,None,None,None,None,None,None,3,19
255,66836,167,176930,255,66586,255,1100,None,None,None,None,None,None,None,None,1,4
218,66836,97,176930,255,1100,218,66586,None,None,None,None,None,None,None,None,1,10
255,66836,97,176930,255,67086,255,1100,None,None,None,None,None,None,None,None,2,41
10,66836,None,None,None,None,None,None,None,None,None,None,None,None,None,None,1,4
255,66836,74,176930,255,66586,255,1100,None,None,None,None,None,None,None,None,2,8
255,66836,None,None,255,2561,255,67086,255,1100,None,None,None,None,None,None,1,5
10,5230,None,None,10,2100,10,2350,None,None,None,None,None,None,None,None,3,554
341,5230,None,None,341,66586,341,1100,341,66836,None,None,None,None,None,None,7,476
341,5230,None,None,341,66586,341,66836,341,1100,None,None,None,None,None,None,1,53
341,5230,None,None,341,66836,341,66586,341,1100,None,None,None,None,None,None,1,245
255,5230,None,None,255,66586,255,1100,255,67086,None,None,None,None,None,None,2,147
255,5230,None,None,255,66836,255,1100,255,67086,None,None,None,None,None,None,1,15
257,5230,None,None,257,67086,257,1100,257,66586,None,None,None,None,None,None,1,105
257,1100,None,None,257,55542,257,55344,257,55740,None,None,None,None,None,None,2,3529
255,1100,None,None,255,56244,255,56640,255,56442,None,None,None,None,None,None,1,103
257,1100,None,None,257,55344,257,55740,257,55542,None,None,None,None,None,None,1,130
255,1100,None,None,255,56640,255,56244,255,56442,None,None,None,None,None,None,1,32
255,1100,None,None,255,56640,255,56442,255,56244,None,None,None,None,None,None,5,906
256,1100,None,None,256,55740,256,55542,256,55344,None,None,None,None,None,None,1,182
97,1100,None,None,327,56144,328,56342,329,56540,None,None,None,None,None,None,2,51
407,1100,None,None,120,56144,121,56342,122,56540,None,None,None,None,None,None,1,14
257,5230,None,None,257,1100,257,67086,257,66586,None,None,None,None,None,None,1,58
255,5230,None,None,255,1100,255,67086,255,66836,None,None,None,None,None,None,1,106
341,5230,None,None,341,66836,341,1100,341,66586,None,None,None,None,None,None,1,52
255,5230,None,None,255,1100,255,67086,255,66586,None,None,None,None,None,None,1,17
432,5230,None,None,432,66586,432,66836,61,1100,None,None,None,None,None,None,1,22
97,5230,None,None,97,66836,97,1100,97,67086,None,None,None,None,None,None,2,365
74,5230,None,None,74,55644,74,55842,74,56040,None,None,None,None,None,None,3,38
97,5230,None,None,97,67086,97,1100,97,66836,None,None,None,None,None,None,3,361
3,5230,452,2078331,97,1100,3,66836,3,66586,None,None,None,None,None,None,1,160
257,5230,None,None,257,1100,257,66836,257,66586,None,None,None,None,None,None,2,12
97,5230,None,None,97,1100,97,67086,97,66586,None,None,None,None,None,None,3,503
257,5230,None,None,257,66586,257,1100,257,66836,None,None,None,None,None,None,2,67
97,5230,None,None,97,66586,97,1100,97,67086,None,None,None,None,None,None,2,365
180,5230,None,None,180,2350,180,2100,None,None,None,None,None,None,None,None,1,8
97,66586,None,None,327,56144,328,56342,329,56540,None,None,None,None,None,None,1,5
256,5230,None,None,None,None,None,None,None,None,None,None,None,None,None,None,1,180
255,1100,97,176930,255,66586,255,66836,None,None,None,None,None,None,None,None,4,278
407,1100,97,176930,122,56540,None,None,None,None,None,None,None,None,None,None,1,14
216,66836,None,None,None,None,None,None,None,None,None,None,None,None,None,None,1,127
97,66836,None,None,328,56342,329,56540,97,67086,None,None,None,None,None,None,5,976
97,66836,None,None,328,56342,329,56540,97,66586,None,None,None,None,None,None,3,373
180,66836,None,None,180,66586,180,5230,None,None,None,None,None,None,None,None,3,204
180,66836,None,None,None,None,None,None,None,None,None,None,None,None,None,None,1,60
3,66836,None,None,None,None,None,None,None,None,None,None,None,None,None,None,4,593
97,67086,None,None,328,56342,327,56144,329,56540,None,None,None,None,None,None,1,25
97,67086,96,176930,97,66586,97,1100,None,None,None,None,None,None,None,None,1,4
435,66836,97,176930,435,66586,97,1100,435,5230,None,None,None,None,None,None,1,1
435,66836,134,2078331,435,66586,97,1100,435,5230,None,None,None,None,None,None,1,112
96,66836,96,176930,96,67086,96,1100,None,None,None,None,None,None,None,None,3,326
97,66836,243,176930,97,66586,97,1100,None,None,None,None,None,None,None,None,2,15
435,66836,None,None,435,66586,97,1100,435,5230,None,None,None,None,None,None,5,537
435,66836,133,2078331,435,66586,97,1100,435,5230,None,None,None,None,None,None,1,54
243,66836,97,176930,243,66586,243,1100,None,None,None,None,None,None,None,None,1,7
243,66836,None,None,244,56144,244,56540,244,56342,None,None,None,None,None,None,2,17
243,66836,243,176930,243,67086,243,1100,None,None,None,None,None,None,None,None,1,4
97,66836,243,176930,97,67086,97,1100,None,None,None,None,None,None,None,None,1,30
96,66836,None,None,325,56342,326,56540,324,56144,None,None,None,None,None,None,1,26
243,66836,None,None,244,56540,244,56342,244,56144,None,None,None,None,None,None,1,7
97,66836,None,None,328,56342,327,56144,329,56540,None,None,None,None,None,None,1,170
108,66836,None,None,108,66586,108,67086,309,1100,None,None,None,None,None,None,1,29
255,1100,96,176930,255,66586,255,66836,None,None,None,None,None,None,None,None,1,3
255,1100,None,None,255,67086,255,66836,255,66586,None,None,None,None,None,None,2,10
255,1100,243,176930,255,66586,255,67086,None,None,None,None,None,None,None,None,1,127
257,1100,255,176930,257,66836,257,67086,None,None,None,None,None,None,None,None,1,22
255,1100,None,None,255,66586,255,67086,255,66836,None,None,None,None,None,None,2,654
40,5230,255,176930,40,2350,40,2100,None,None,None,None,None,None,None,None,1,1
255,1100,None,None,255,66586,255,66836,255,67086,None,None,None,None,None,None,1,8
243,67086,None,None,244,56540,244,56144,244,56342,None,None,None,None,None,None,1,10
243,5230,None,None,243,66836,243,66586,243,1100,None,None,None,None,None,None,1,15
148,66836,None,None,148,67086,148,66586,None,None,None,None,None,None,None,None,2,71
257,2561,None,None,257,67086,257,66836,257,1100,None,None,None,None,None,None,3,3555
97,2561,None,None,None,None,None,None,None,None,None,None,None,None,None,None,2,262
405,2561,None,None,405,66586,405,1100,405,67086,None,None,None,None,None,None,1,19
255,2561,None,None,255,1100,255,67086,255,66836,None,None,None,None,None,None,2,144
97,2561,None,None,97,2350,97,2100,97,1100,None,None,None,None,None,None,3,833
257,1100,None,None,257,66586,257,67086,257,66836,None,None,None,None,None,None,1,2165
255,1100,None,None,255,66836,255,67086,255,66586,None,None,None,None,None,None,1,30
436,66586,None,None,None,None,None,None,None,None,None,None,None,None,None,None,7,1015
97,66586,None,None,328,56342,329,56540,97,67086,None,None,None,None,None,None,1,244
180,66586,None,None,180,66836,180,5230,None,None,None,None,None,None,None,None,3,129
97,66586,None,None,327,56144,328,56342,97,67086,None,None,None,None,None,None,1,260
97,66836,None,None,329,56540,328,56342,327,56144,None,None,None,None,None,None,1,63
97,5230,134,2078331,97,67086,97,66836,97,1100,None,None,None,None,None,None,1,1
97,5230,450,2078331,97,67086,97,66836,97,1100,None,None,None,None,None,None,1,158
97,66586,None,None,329,56540,327,56144,328,56342,None,None,None,None,None,None,2,326
74,66586,None,None,None,None,None,None,None,None,None,None,None,None,None,None,3,433
97,66586,None,None,327,56144,329,56540,328,56342,None,None,None,None,None,None,4,674
74,66586,None,None,74,67086,74,1100,74,66836,None,None,None,None,None,None,2,374
