grid_lat,grid_lon,thput_sample_num,mw_thput_sample_num,mw_thput_0,mw_thput_10,mw_thput_25,mw_thput_50,mw_thput_75,mw_thput_90,mw_thput_100,sub6_thput_sample_num,sub6_thput_0,sub6_thput_10,sub6_thput_25,sub6_thput_50,sub6_thput_75,sub6_thput_90,sub6_thput_100,lte_thput_sample_num,lte_thput_0,lte_thput_10,lte_thput_25,lte_thput_50,lte_thput_75,lte_thput_90,lte_thput_100,5g_thput_sample_num,5g_thput_0,5g_thput_10,5g_thput_25,5g_thput_50,5g_thput_75,5g_thput_90,5g_thput_100,all_thput_sample_num,all_thput_0,all_thput_10,all_thput_25,all_thput_50,all_thput_75,all_thput_90,all_thput_100,mw_thput_avg,mw_thput_std,sub6_thput_avg,sub6_thput_std,lte_thput_avg,lte_thput_std,5g_thput_avg,5g_thput_std,all_thput_avg,all_thput_std
-87.632,41.8895,51,0,None,None,None,None,None,None,None,0,None,None,None,None,None,None,None,8,0.11615999999999999,0.278784,0.43559999999999993,0.69696,1.04544,1.5333119999999998,1.8585599999999998,0,None,None,None,None,None,None,None,8,0.11615999999999999,0.278784,0.43559999999999993,0.69696,1.04544,1.5333119999999998,1.8585599999999998,None,None,None,None,0.81312,0.5386117622183905,None,None,0.81312,0.5386117622183905
-87.632,41.8915,1378,0,None,None,None,None,None,None,None,0,None,None,None,None,None,None,None,1300,1.04544,7.66656,12.283919999999998,18.0048,25.35192,34.394976000000014,62.733439999999995,0,None,None,None,None,None,None,None,1300,1.04544,7.66656,12.283919999999998,18.0048,25.35192,34.394976000000014,62.733439999999995,None,None,None,None,19.689057723076925,10.30531964350271,None,None,19.689057723076925,10.30531964350271
-87.632,41.892,678,0,None,None,None,None,None,None,None,0,None,None,None,None,None,None,None,646,0.5808,1.7424,2.55552,6.6792,12.54528,17.772479999999998,41.93375999999999,0,None,None,None,None,None,None,None,646,0.5808,1.7424,2.55552,6.6792,12.54528,17.772479999999998,41.93375999999999,None,None,None,None,8.525173003095974,7.166997647533911,None,None,8.525173003095974,7.166997647533911
-87.632,41.893,0,0,None,None,None,None,None,None,None,0,None,None,None,None,None,None,None,0,None,None,None,None,None,None,None,0,None,None,None,None,None,None,None,0,None,None,None,None,None,None,None,None,None,None,None,None,None,None,None,None,None
-87.632,41.8935,0,0,None,None,None,None,None,None,None,0,None,None,None,None,None,None,None,0,None,None,None,None,None,None,None,0,None,None,None,None,None,None,None,0,None,None,None,None,None,None,None,None,None,None,None,None,None,None,None,None,None
-87.632,41.894,0,0,None,None,None,None,None,None,None,0,None,None,None,None,None,None,None,0,None,None,None,None,None,None,None,0,None,None,None,None,None,None,None,0,None,None,None,None,None,None,None,None,None,None,None,None,None,None,None,None,None
-87.632,41.8945,0,0,None,None,None,None,None,None,None,0,None,None,None,None,None,None,None,0,None,None,None,None,None,None,None,0,None,None,None,None,None,None,None,0,None,None,None,None,None,None,None,None,None,None,None,None,None,None,None,None,None
-87.632,41.8955,0,0,None,None,None,None,None,None,None,0,None,None,None,None,None,None,None,0,None,None,None,None,None,None,None,0,None,None,None,None,None,None,None,0,None,None,None,None,None,None,None,None,None,None,None,None,None,None,None,None,None
-87.632,41.8965,52,0,None,None,None,None,None,None,None,0,None,None,None,None,None,None,None,50,1.5100799999999999,2.648448,3.39768,4.76256,6.35976,7.7943359999999995,11.26752,0,None,None,None,None,None,None,None,50,1.5100799999999999,2.648448,3.39768,4.76256,6.35976,7.7943359999999995,11.26752,None,None,None,None,4.9809408,2.154276690511077,None,None,4.9809408,2.154276690511077
-87.632,41.899,0,0,None,None,None,None,None,None,None,0,None,None,None,None,None,None,None,0,None,None,None,None,None,None,None,0,None,None,None,None,None,None,None,0,None,None,None,None,None,None,None,None,None,None,None,None,None,None,None,None,None
-87.6315,41.8895,80,0,None,None,None,None,None,None,None,0,None,None,None,None,None,None,None,66,0.23231999999999997,2.3232,4.559279999999999,8.4216,19.572960000000002,22.59312,29.38848,0,None,None,None,None,None,None,None,66,0.23231999999999997,2.3232,4.559279999999999,8.4216,19.572960000000002,22.59312,29.38848,None,None,None,None,11.028159999999998,8.108360303785222,None,None,11.028159999999998,8.108360303785222
-87.6315,41.89,299,0,None,None,None,None,None,None,None,0,None,None,None,None,None,None,None,289,3.83328,10.779647999999998,13.823039999999999,18.0048,21.37344,24.25420799999999,35.08032,0,None,None,None,None,None,None,None,289,3.83328,10.779647999999998,13.823039999999999,18.0048,21.37344,24.25420799999999,35.08032,None,None,None,None,17.69249439446367,5.6395653086241575,None,None,17.69249439446367,5.6395653086241575
-87.6315,41.8915,1176,0,None,None,None,None,None,None,None,0,None,None,None,None,None,None,None,1103,0.34847999999999996,2.20704,4.2979199999999995,6.62112,11.616,16.2624,23.928959999999996,0,None,None,None,None,None,None,None,1103,0.34847999999999996,2.20704,4.2979199999999995,6.62112,11.616,16.2624,23.928959999999996,None,None,None,None,8.055815194922937,5.170621601712527,None,None,8.055815194922937,5.170621601712527
-87.6315,41.892,2952,0,None,None,None,None,None,None,None,0,None,None,None,None,None,None,None,2855,0.46463999999999994,4.994879999999999,14.984639999999999,24.742079999999998,34.034879999999994,42.74688,67.3728,0,None,None,None,None,None,None,None,2855,0.46463999999999994,4.994879999999999,14.984639999999999,24.742079999999998,34.034879999999994,42.74688,67.3728,None,None,None,None,24.642112644483362,13.43569707098753,None,None,24.642112644483362,13.43569707098753
-87.6315,41.893,0,0,None,None,None,None,None,None,None,0,None,None,None,None,None,None,None,0,None,None,None,None,None,None,None,0,None,None,None,None,None,None,None,0,None,None,None,None,None,None,None,None,None,None,None,None,None,None,None,None,None
-87.6315,41.894,0,0,None,None,None,None,None,None,None,0,None,None,None,None,None,None,None,0,None,None,None,None,None,None,None,0,None,None,None,None,None,None,None,0,None,None,None,None,None,None,None,None,None,None,None,None,None,None,None,None,None
-87.6315,41.8945,0,0,None,None,None,None,None,None,None,0,None,None,None,None,None,None,None,0,None,None,None,None,None,None,None,0,None,None,None,None,None,None,None,0,None,None,None,None,None,None,None,None,None,None,None,None,None,None,None,None,None
-87.6315,41.8955,0,0,None,None,None,None,None,None,None,0,None,None,None,None,None,None,None,0,None,None,None,None,None,None,None,0,None,None,None,None,None,None,None,0,None,None,None,None,None,None,None,None,None,None,None,None,None,None,None,None,None
-87.6315,41.8965,225,0,None,None,None,None,None,None,None,0,None,None,None,None,None,None,None,214,1.3939199999999998,4.6464,6.27264,8.47968,10.33824,12.626592000000002,21.838079999999998,0,None,None,None,None,None,None,None,214,1.3939199999999998,4.6464,6.27264,8.47968,10.33824,12.626592000000002,21.838079999999998,None,None,None,None,8.690929345794393,3.502226408913635,None,None,8.690929345794393,3.502226408913635
-87.6315,41.899,0,0,None,None,None,None,None,None,None,0,None,None,None,None,None,None,None,0,None,None,None,None,None,None,None,0,None,None,None,None,None,None,None,0,None,None,None,None,None,None,None,None,None,None,None,None,None,None,None,None,None
-87.631,41.8895,97,0,None,None,None,None,None,None,None,0,None,None,None,None,None,None,None,93,4.76256,8.642304,11.26752,17.191679999999998,23.696640000000002,29.411711999999998,38.10048,0,None,None,None,None,None,None,None,93,4.76256,8.642304,11.26752,17.191679999999998,23.696640000000002,29.411711999999998,38.10048,None,None,None,None,18.42447483870967,8.129451742486605,None,None,18.42447483870967,8.129451742486605
-87.631,41.8915,396,0,None,None,None,None,None,None,None,0,None,None,None,None,None,None,None,336,0.11615999999999999,0.5808,1.04544,1.7424,2.93304,4.356,9.176639999999999,0,None,None,None,None,None,None,None,336,0.11615999999999999,0.5808,1.04544,1.7424,2.93304,4.356,9.176639999999999,None,None,None,None,2.1738514285714285,1.5322369156183624,None,None,2.1738514285714285,1.5322369156183624
-87.631,41.892,765,0,None,None,None,None,None,None,None,0,None,None,None,None,None,None,None,742,0.9292799999999999,13.823039999999999,22.33176,30.550079999999998,43.763279999999995,56.082048,84.216,0,None,None,None,None,None,None,None,742,0.9292799999999999,13.823039999999999,22.33176,30.550079999999998,43.763279999999995,56.082048,84.216,None,None,None,None,33.10721530997304,15.665460332155863,None,None,33.10721530997304,15.665460332155863
-87.631,41.8925,0,0,None,None,None,None,None,None,None,0,None,None,None,None,None,None,None,0,None,None,None,None,None,None,None,0,None,None,None,None,None,None,None,0,None,None,None,None,None,None,None,None,None,None,None,None,None,None,None,None,None
-87.631,41.893,0,0,None,None,None,None,None,None,None,0,None,None,None,None,None,None,None,0,None,None,None,None,None,None,None,0,None,None,None,None,None,None,None,0,None,None,None,None,None,None,None,None,None,None,None,None,None,None,None,None,None
-87.631,41.8935,0,0,None,None,None,None,None,None,None,0,None,None,None,None,None,None,None,0,None,None,None,None,None,None,None,0,None,None,None,None,None,None,None,0,None,None,None,None,None,None,None,None,None,None,None,None,None,None,None,None,None
-87.631,41.894,0,0,None,None,None,None,None,None,None,0,None,None,None,None,None,None,None,0,None,None,None,None,None,None,None,0,None,None,None,None,None,None,None,0,None,None,None,None,None,None,None,None,None,None,None,None,None,None,None,None,None
-87.631,41.8945,0,0,None,None,None,None,None,None,None,0,None,None,None,None,None,None,None,0,None,None,None,None,None,None,None,0,None,None,None,None,None,None,None,0,None,None,None,None,None,None,None,None,None,None,None,None,None,None,None,None,None
-87.631,41.895,0,0,None,None,None,None,None,None,None,0,None,None,None,None,None,None,None,0,None,None,None,None,None,None,None,0,None,None,None,None,None,None,None,0,None,None,None,None,None,None,None,None,None,None,None,None,None,None,None,None,None
-87.631,41.8955,0,0,None,None,None,None,None,None,None,0,None,None,None,None,None,None,None,0,None,None,None,None,None,None,None,0,None,None,None,None,None,None,None,0,None,None,None,None,None,None,None,None,None,None,None,None,None,None,None,None,None
-87.631,41.896,0,0,None,None,None,None,None,None,None,0,None,None,None,None,None,None,None,0,None,None,None,None,None,None,None,0,None,None,None,None,None,None,None,0,None,None,None,None,None,None,None,None,None,None,None,None,None,None,None,None,None
-87.631,41.8965,317,0,None,None,None,None,None,None,None,0,None,None,None,None,None,None,None,303,1.5100799999999999,10.849343999999999,17.772479999999998,23.696640000000002,29.3304,35.057088,46.23168,0,None,None,None,None,None,None,None,303,1.5100799999999999,10.849343999999999,17.772479999999998,23.696640000000002,29.3304,35.057088,46.23168,None,None,None,None,23.43200712871287,8.932236924009699,None,None,23.43200712871287,8.932236924009699
-87.631,41.897,0,0,None,None,None,None,None,None,None,0,None,None,None,None,None,None,None,0,None,None,None,None,None,None,None,0,None,None,None,None,None,None,None,0,None,None,None,None,None,None,None,None,None,None,None,None,None,None,None,None,None
-87.631,41.898,0,0,None,None,None,None,None,None,None,0,None,None,None,None,None,None,None,0,None,None,None,None,None,None,None,0,None,None,None,None,None,None,None,0,None,None,None,None,None,None,None,None,None,None,None,None,None,None,None,None,None
-87.631,41.8985,0,0,None,None,None,None,None,None,None,0,None,None,None,None,None,None,None,0,None,None,None,None,None,None,None,0,None,None,None,None,None,None,None,0,None,None,None,None,None,None,None,None,None,None,None,None,None,None,None,None,None
-87.631,41.899,0,0,None,None,None,None,None,None,None,0,None,None,None,None,None,None,None,0,None,None,None,None,None,None,None,0,None,None,None,None,None,None,None,0,None,None,None,None,None,None,None,None,None,None,None,None,None,None,None,None,None
-87.631,41.8995,0,0,None,None,None,None,None,None,None,0,None,None,None,None,None,None,None,0,None,None,None,None,None,None,None,0,None,None,None,None,None,None,None,0,None,None,None,None,None,None,None,None,None,None,None,None,None,None,None,None,None
-87.631,41.9,0,0,None,None,None,None,None,None,None,0,None,None,None,None,None,None,None,0,None,None,None,None,None,None,None,0,None,None,None,None,None,None,None,0,None,None,None,None,None,None,None,None,None,None,None,None,None,None,None,None,None
-87.6305,41.8895,51,0,None,None,None,None,None,None,None,0,None,None,None,None,None,None,None,48,1.7424,3.496416,5.198159999999999,8.24736,11.38368,13.044768,16.610879999999998,0,None,None,None,None,None,None,None,48,1.7424,3.496416,5.198159999999999,8.24736,11.38368,13.044768,16.610879999999998,None,None,None,None,8.36594,3.7979531194052405,None,None,8.36594,3.7979531194052405
-87.6305,41.89,17,0,None,None,None,None,None,None,None,0,None,None,None,None,None,None,None,17,3.7171199999999995,4.2979199999999995,5.575679999999999,6.62112,8.24736,8.94432,10.33824,0,None,None,None,None,None,None,None,17,3.7171199999999995,4.2979199999999995,5.575679999999999,6.62112,8.24736,8.94432,10.33824,None,None,None,None,6.7167811764705885,1.8215652339092476,None,None,6.7167811764705885,1.8215652339092476
-87.6305,41.8915,2462,0,None,None,None,None,None,None,None,0,None,None,None,None,None,None,None,2300,0.23231999999999997,1.1616,2.09088,4.994879999999999,9.176639999999999,14.05536,24.85824,0,None,None,None,None,None,None,None,2300,0.23231999999999997,1.1616,2.09088,4.994879999999999,9.176639999999999,14.05536,24.85824,None,None,None,None,6.29077412173913,4.939867736661735,None,None,6.29077412173913,4.939867736661735
-87.6305,41.892,548,0,None,None,None,None,None,None,None,0,None,None,None,None,None,None,None,530,0.81312,5.320128000000001,9.2928,15.275039999999999,21.344399999999997,26.856192,42.86304,0,None,None,None,None,None,None,None,530,0.81312,5.320128000000001,9.2928,15.275039999999999,21.344399999999997,26.856192,42.86304,None,None,None,None,15.870962716981136,8.38097375719463,None,None,15.870962716981136,8.38097375719463
-87.6305,41.893,192,0,None,None,None,None,None,None,None,0,None,None,None,None,None,None,None,185,2.20704,5.505984,16.14624,25.903679999999998,36.0096,40.42368,51.923519999999996,0,None,None,None,None,None,None,None,185,2.20704,5.505984,16.14624,25.903679999999998,36.0096,40.42368,51.923519999999996,None,None,None,None,25.105001513513514,12.215715198614552,None,None,25.105001513513514,12.215715198614552
-87.6305,41.894,0,0,None,None,None,None,None,None,None,0,None,None,None,None,None,None,None,0,None,None,None,None,None,None,None,0,None,None,None,None,None,None,None,0,None,None,None,None,None,None,None,None,None,None,None,None,None,None,None,None,None
-87.6305,41.8945,0,0,None,None,None,None,None,None,None,0,None,None,None,None,None,None,None,0,None,None,None,None,None,None,None,0,None,None,None,None,None,None,None,0,None,None,None,None,None,None,None,None,None,None,None,None,None,None,None,None,None
-87.6305,41.8955,0,0,None,None,None,None,None,None,None,0,None,None,None,None,None,None,None,0,None,None,None,None,None,None,None,0,None,None,None,None,None,None,None,0,None,None,None,None,None,None,None,None,None,None,None,None,None,None,None,None,None
-87.6305,41.8965,382,0,None,None,None,None,None,None,None,0,None,None,None,None,None,None,None,367,2.09088,11.848320000000001,17.772479999999998,23.696640000000002,30.317759999999996,36.474239999999995,51.1104,0,None,None,None,None,None,None,None,367,2.09088,11.848320000000001,17.772479999999998,23.696640000000002,30.317759999999996,36.474239999999995,51.1104,None,None,None,None,24.015703542234327,9.338790548041489,None,None,24.015703542234327,9.338790548041489
-87.6305,41.8995,0,0,None,None,None,None,None,None,None,0,None,None,None,None,None,None,None,0,None,None,None,None,None,None,None,0,None,None,None,None,None,None,None,0,None,None,None,None,None,None,None,None,None,None,None,None,None,None,None,None,None
-87.63,41.89,69,0,None,None,None,None,None,None,None,0,None,None,None,None,None,None,None,65,0.9292799999999999,1.62624,3.60096,7.5504,10.570559999999999,13.544256,16.8432,0,None,None,None,None,None,None,None,65,0.9292799999999999,1.62624,3.60096,7.5504,10.570559999999999,13.544256,16.8432,None,None,None,None,7.461046153846153,4.343670507369294,None,None,7.461046153846153,4.343670507369294
-87.63,41.8915,355,0,None,None,None,None,None,None,None,0,None,None,None,None,None,None,None,335,0.34847999999999996,2.904,4.6464,6.156479999999999,8.595839999999999,11.523072000000004,14.868479999999998,0,None,None,None,None,None,None,None,335,0.34847999999999996,2.904,4.6464,6.156479999999999,8.595839999999999,11.523072000000004,14.868479999999998,None,None,None,None,6.695323701492537,3.1782800436373306,None,None,6.695323701492537,3.1782800436373306
-87.63,41.892,1971,0,None,None,None,None,None,None,None,0,None,None,None,None,None,None,None,1830,0.23231999999999997,1.1616,2.20704,4.6464,7.08576,10.10592,18.934079999999998,0,None,None,None,None,None,None,None,1830,0.23231999999999997,1.1616,2.20704,4.6464,7.08576,10.10592,18.934079999999998,None,None,None,None,5.104255825136612,3.5146245364432933,None,None,5.104255825136612,3.5146245364432933
-87.63,41.893,41,0,None,None,None,None,None,None,None,0,None,None,None,None,None,None,None,36,2.20704,3.65904,4.1527199999999995,5.227199999999999,8.2764,12.545280000000002,14.40384,0,None,None,None,None,None,None,None,36,2.20704,3.65904,4.1527199999999995,5.227199999999999,8.2764,12.545280000000002,14.40384,None,None,None,None,6.5049600000000005,3.330370202124683,None,None,6.5049600000000005,3.330370202124683
-87.63,41.894,0,0,None,None,None,None,None,None,None,0,None,None,None,None,None,None,None,0,None,None,None,None,None,None,None,0,None,None,None,None,None,None,None,0,None,None,None,None,None,None,None,None,None,None,None,None,None,None,None,None,None
-87.63,41.8945,0,0,None,None,None,None,None,None,None,0,None,None,None,None,None,None,None,0,None,None,None,None,None,None,None,0,None,None,None,None,None,None,None,0,None,None,None,None,None,None,None,None,None,None,None,None,None,None,None,None,None
-87.63,41.8955,0,0,None,None,None,None,None,None,None,0,None,None,None,None,None,None,None,0,None,None,None,None,None,None,None,0,None,None,None,None,None,None,None,0,None,None,None,None,None,None,None,None,None,None,None,None,None,None,None,None,None
-87.63,41.8965,186,0,None,None,None,None,None,None,None,0,None,None,None,None,None,None,None,177,2.09088,8.015039999999999,10.33824,14.752320000000001,21.024959999999997,24.742079999999998,31.47936,0,None,None,None,None,None,None,None,177,2.09088,8.015039999999999,10.33824,14.752320000000001,21.024959999999997,24.742079999999998,31.47936,None,None,None,None,15.717694915254235,6.58378522112724,None,None,15.717694915254235,6.58378522112724
-87.63,41.8995,0,0,None,None,None,None,None,None,None,0,None,None,None,None,None,None,None,0,None,None,None,None,None,None,None,0,None,None,None,None,None,None,None,0,None,None,None,None,None,None,None,None,None,None,None,None,None,None,None,None,None
-87.6295,41.8895,35,0,None,None,None,None,None,None,None,0,None,None,None,None,None,None,None,33,4.0656,4.321152,5.4595199999999995,8.82816,13.706879999999998,18.771456,22.53504,0,None,None,None,None,None,None,None,33,4.0656,4.321152,5.4595199999999995,8.82816,13.706879999999998,18.771456,22.53504,None,None,None,None,10.577599999999999,5.599896300754149,None,None,10.577599999999999,5.599896300754149
-87.6295,41.89,21,0,None,None,None,None,None,None,None,0,None,None,None,None,None,None,None,21,4.2979199999999995,6.27264,10.68672,14.28768,16.95936,18.46944,22.0704,0,None,None,None,None,None,None,None,21,4.2979199999999995,6.27264,10.68672,14.28768,16.95936,18.46944,22.0704,None,None,None,None,13.524342857142855,4.600339864356962,None,None,13.524342857142855,4.600339864356962
-87.6295,41.8915,408,0,None,None,None,None,None,None,None,0,None,None,None,None,None,None,None,385,0.34847999999999996,1.5565440000000006,3.13632,4.994879999999999,8.015039999999999,11.0352,17.191679999999998,0,None,None,None,None,None,None,None,385,0.34847999999999996,1.5565440000000006,3.13632,4.994879999999999,8.015039999999999,11.0352,17.191679999999998,None,None,None,None,5.779337142857142,3.5569352942623205,None,None,5.779337142857142,3.5569352942623205
-87.6295,41.892,336,0,None,None,None,None,None,None,None,0,None,None,None,None,None,None,None,298,0.11615999999999999,0.5459520000000003,1.04544,2.38128,4.994879999999999,6.3888,10.802879999999998,0,None,None,None,None,None,None,None,298,0.11615999999999999,0.5459520000000003,1.04544,2.38128,4.994879999999999,6.3888,10.802879999999998,None,None,None,None,3.1031871140939593,2.428651884247055,None,None,3.1031871140939593,2.428651884247055
-87.6295,41.893,41,0,None,None,None,None,None,None,None,0,None,None,None,None,None,None,None,37,1.62624,5.343359999999999,6.853439999999999,9.176639999999999,12.661439999999999,14.217983999999998,16.030079999999998,0,None,None,None,None,None,None,None,37,1.62624,5.343359999999999,6.853439999999999,9.176639999999999,12.661439999999999,14.217983999999998,16.030079999999998,None,None,None,None,9.324194594594594,3.6943528327512607,None,None,9.324194594594594,3.6943528327512607
-87.6295,41.894,0,0,None,None,None,None,None,None,None,0,None,None,None,None,None,None,None,0,None,None,None,None,None,None,None,0,None,None,None,None,None,None,None,0,None,None,None,None,None,None,None,None,None,None,None,None,None,None,None,None,None
-87.6295,41.8945,0,0,None,None,None,None,None,None,None,0,None,None,None,None,None,None,None,0,None,None,None,None,None,None,None,0,None,None,None,None,None,None,None,0,None,None,None,None,None,None,None,None,None,None,None,None,None,None,None,None,None
-87.6295,41.895,0,0,None,None,None,None,None,None,None,0,None,None,None,None,None,None,None,0,None,None,None,None,None,None,None,0,None,None,None,None,None,None,None,0,None,None,None,None,None,None,None,None,None,None,None,None,None,None,None,None,None
-87.6295,41.8955,0,0,None,None,None,None,None,None,None,0,None,None,None,None,None,None,None,0,None,None,None,None,None,None,None,0,None,None,None,None,None,None,None,0,None,None,None,None,None,None,None,None,None,None,None,None,None,None,None,None,None
-87.6295,41.896,0,0,None,None,None,None,None,None,None,0,None,None,None,None,None,None,None,0,None,None,None,None,None,None,None,0,None,None,None,None,None,None,None,0,None,None,None,None,None,None,None,None,None,None,None,None,None,None,None,None,None
-87.6295,41.8965,71,0,None,None,None,None,None,None,None,0,None,None,None,None,None,None,None,68,3.25248,5.854464,7.72464,12.371039999999999,15.33312,16.37856,18.5856,0,None,None,None,None,None,None,None,68,3.25248,5.854464,7.72464,12.371039999999999,15.33312,16.37856,18.5856,None,None,None,None,11.522047058823528,4.176786901615058,None,None,11.522047058823528,4.176786901615058
-87.6295,41.897,0,0,None,None,None,None,None,None,None,0,None,None,None,None,None,None,None,0,None,None,None,None,None,None,None,0,None,None,None,None,None,None,None,0,None,None,None,None,None,None,None,None,None,None,None,None,None,None,None,None,None
-87.6295,41.8995,0,0,None,None,None,None,None,None,None,0,None,None,None,None,None,None,None,0,None,None,None,None,None,None,None,0,None,None,None,None,None,None,None,0,None,None,None,None,None,None,None,None,None,None,None,None,None,None,None,None,None
-87.6295,41.9,0,0,None,None,None,None,None,None,None,0,None,None,None,None,None,None,None,0,None,None,None,None,None,None,None,0,None,None,None,None,None,None,None,0,None,None,None,None,None,None,None,None,None,None,None,None,None,None,None,None,None
-87.629,41.89,44,0,None,None,None,None,None,None,None,0,None,None,None,None,None,None,None,43,3.3686399999999996,5.738303999999999,8.015039999999999,12.1968,18.120959999999997,23.882495999999996,27.065279999999998,0,None,None,None,None,None,None,None,43,3.3686399999999996,5.738303999999999,8.015039999999999,12.1968,18.120959999999997,23.882495999999996,27.065279999999998,None,None,None,None,13.361101395348836,6.63253130450333,None,None,13.361101395348836,6.63253130450333
-87.629,41.8915,632,0,None,None,None,None,None,None,None,0,None,None,None,None,None,None,None,584,0.46463999999999994,2.0095680000000002,3.4848,5.575679999999999,8.595839999999999,11.232672000000004,24.045119999999997,0,None,None,None,None,None,None,None,584,0.46463999999999994,2.0095680000000002,3.4848,5.575679999999999,8.595839999999999,11.232672000000004,24.045119999999997,None,None,None,None,6.415652054794521,4.00326809412967,None,None,6.415652054794521,4.00326809412967
-87.629,41.892,490,0,None,None,None,None,None,None,None,0,None,None,None,None,None,None,None,454,0.23231999999999997,1.04544,2.20704,3.7171199999999995,5.4595199999999995,10.919039999999999,18.70176,0,None,None,None,None,None,None,None,454,0.23231999999999997,1.04544,2.20704,3.7171199999999995,5.4595199999999995,10.919039999999999,18.70176,None,None,None,None,4.676847224669604,3.719541110616866,None,None,4.676847224669604,3.719541110616866
-87.629,41.8925,0,0,None,None,None,None,None,None,None,0,None,None,None,None,None,None,None,0,None,None,None,None,None,None,None,0,None,None,None,None,None,None,None,0,None,None,None,None,None,None,None,None,None,None,None,None,None,None,None,None,None
-87.629,41.893,43,0,None,None,None,None,None,None,None,0,None,None,None,None,None,None,None,39,0.11615999999999999,0.41817600000000005,1.04544,2.55552,5.86608,8.154432,14.28768,0,None,None,None,None,None,None,None,39,0.11615999999999999,0.41817600000000005,1.04544,2.55552,5.86608,8.154432,14.28768,None,None,None,None,3.6962707692307695,3.4381097698376726,None,None,3.6962707692307695,3.4381097698376726
-87.629,41.894,0,0,None,None,None,None,None,None,None,0,None,None,None,None,None,None,None,0,None,None,None,None,None,None,None,0,None,None,None,None,None,None,None,0,None,None,None,None,None,None,None,None,None,None,None,None,None,None,None,None,None
-87.629,41.8945,0,0,None,None,None,None,None,None,None,0,None,None,None,None,None,None,None,0,None,None,None,None,None,None,None,0,None,None,None,None,None,None,None,0,None,None,None,None,None,None,None,None,None,None,None,None,None,None,None,None,None
-87.629,41.8955,0,0,None,None,None,None,None,None,None,0,None,None,None,None,None,None,None,0,None,None,None,None,None,None,None,0,None,None,None,None,None,None,None,0,None,None,None,None,None,None,None,None,None,None,None,None,None,None,None,None,None
-87.629,41.8965,486,0,None,None,None,None,None,None,None,0,None,None,None,None,None,None,None,463,0.5808,4.0656,5.69184,8.47968,12.080639999999999,14.52,25.78752,0,None,None,None,None,None,None,None,463,0.5808,4.0656,5.69184,8.47968,12.080639999999999,14.52,25.78752,None,None,None,None,9.087826522678185,4.345220626348033,None,None,9.087826522678185,4.345220626348033
-87.629,41.9,0,0,None,None,None,None,None,None,None,0,None,None,None,None,None,None,None,0,None,None,None,None,None,None,None,0,None,None,None,None,None,None,None,0,None,None,None,None,None,None,None,None,None,None,None,None,None,None,None,None,None
-87.6285,41.89,44,0,None,None,None,None,None,None,None,0,None,None,None,None,None,None,None,41,1.3939199999999998,2.09088,11.38368,17.772479999999998,23.11584,27.2976,34.034879999999994,0,None,None,None,None,None,None,None,41,1.3939199999999998,2.09088,11.38368,17.772479999999998,23.11584,27.2976,34.034879999999994,None,None,None,None,16.644878048780487,8.792196584508337,None,None,16.644878048780487,8.792196584508337
-87.6285,41.8915,333,0,None,None,None,None,None,None,None,0,None,None,None,None,None,None,None,310,0.34847999999999996,0.9292799999999999,1.8876,3.3686399999999996,5.77896,7.213536000000003,10.33824,0,None,None,None,None,None,None,None,310,0.34847999999999996,0.9292799999999999,1.8876,3.3686399999999996,5.77896,7.213536000000003,10.33824,None,None,None,None,3.8523901935483873,2.3267066003817414,None,None,3.8523901935483873,2.3267066003817414
-87.6285,41.892,376,0,None,None,None,None,None,None,None,0,None,None,None,None,None,None,None,350,0.23231999999999997,1.27776,2.81688,4.41408,10.425359999999998,14.63616,25.78752,0,None,None,None,None,None,None,None,350,0.23231999999999997,1.27776,2.81688,4.41408,10.425359999999998,14.63616,25.78752,None,None,None,None,6.547461485714286,5.212142423554342,None,None,6.547461485714286,5.212142423554342
-87.6285,41.8925,0,0,None,None,None,None,None,None,None,0,None,None,None,None,None,None,None,0,None,None,None,None,None,None,None,0,None,None,None,None,None,None,None,0,None,None,None,None,None,None,None,None,None,None,None,None,None,None,None,None,None
-87.6285,41.893,40,0,None,None,None,None,None,None,None,0,None,None,None,None,None,None,None,39,1.27776,3.577728,6.56304,8.94432,11.499839999999999,14.357376000000002,17.65632,0,None,None,None,None,None,None,None,39,1.27776,3.577728,6.56304,8.94432,11.499839999999999,14.357376000000002,17.65632,None,None,None,None,9.0992,3.9915563133733647,None,None,9.0992,3.9915563133733647
-87.6285,41.894,0,0,None,None,None,None,None,None,None,0,None,None,None,None,None,None,None,0,None,None,None,None,None,None,None,0,None,None,None,None,None,None,None,0,None,None,None,None,None,None,None,None,None,None,None,None,None,None,None,None,None
-87.6285,41.8945,0,0,None,None,None,None,None,None,None,0,None,None,None,None,None,None,None,0,None,None,None,None,None,None,None,0,None,None,None,None,None,None,None,0,None,None,None,None,None,None,None,None,None,None,None,None,None,None,None,None,None
-87.6285,41.8955,0,0,None,None,None,None,None,None,None,0,None,None,None,None,None,None,None,0,None,None,None,None,None,None,None,0,None,None,None,None,None,None,None,0,None,None,None,None,None,None,None,None,None,None,None,None,None,None,None,None,None
-87.6285,41.8965,54,0,None,None,None,None,None,None,None,0,None,None,None,None,None,None,None,52,1.8585599999999998,7.736256000000001,13.852079999999999,18.295199999999998,21.31536,27.065279999999998,33.6864,0,None,None,None,None,None,None,None,52,1.8585599999999998,7.736256000000001,13.852079999999999,18.295199999999998,21.31536,27.065279999999998,33.6864,None,None,None,None,17.55132923076923,6.934412223129226,None,None,17.55132923076923,6.934412223129226
-87.6285,41.9,0,0,None,None,None,None,None,None,None,0,None,None,None,None,None,None,None,0,None,None,None,None,None,None,None,0,None,None,None,None,None,None,None,0,None,None,None,None,None,None,None,None,None,None,None,None,None,None,None,None,None
-87.628,41.89,132,0,None,None,None,None,None,None,None,0,None,None,None,None,None,None,None,127,0.6969599999999999,5.436287999999999,11.09328,15.91392,20.618399999999998,24.951168000000003,29.04,0,None,None,None,None,None,None,None,127,0.6969599999999999,5.436287999999999,11.09328,15.91392,20.618399999999998,24.951168000000003,29.04,None,None,None,None,15.609342992125983,7.019724189158404,None,None,15.609342992125983,7.019724189158404
-87.628,41.8915,310,0,None,None,None,None,None,None,None,0,None,None,None,None,None,None,None,273,0.11615999999999999,1.1616,2.67168,6.156479999999999,8.595839999999999,10.802879999999998,13.474559999999999,0,None,None,None,None,None,None,None,273,0.11615999999999999,1.1616,2.67168,6.156479999999999,8.595839999999999,10.802879999999998,13.474559999999999,None,None,None,None,5.969262417582417,3.5313561133961735,None,None,5.969262417582417,3.5313561133961735
-87.628,41.892,859,0,None,None,None,None,None,None,None,0,None,None,None,None,None,None,None,823,0.11615999999999999,3.7171199999999995,6.62112,11.848320000000001,18.5856,23.46432,42.166079999999994,0,None,None,None,None,None,None,None,823,0.11615999999999999,3.7171199999999995,6.62112,11.848320000000001,18.5856,23.46432,42.166079999999994,None,None,None,None,13.134971956257594,7.933219321596624,None,None,13.134971956257594,7.933219321596624
-87.628,41.8925,1992,0,None,None,None,None,None,None,None,0,None,None,None,None,None,None,None,1900,0.34847999999999996,3.83328,6.9696,12.312959999999999,25.206719999999997,46.92864,71.4384,0,None,None,None,None,None,None,None,1900,0.34847999999999996,3.83328,6.9696,12.312959999999999,25.206719999999997,46.92864,71.4384,None,None,None,None,18.389384589473682,15.912960881525633,None,None,18.389384589473682,15.912960881525633
-87.628,41.893,1160,0,None,None,None,None,None,None,None,0,None,None,None,None,None,None,None,1102,0.46463999999999994,7.08576,10.454399999999998,14.40384,17.54016,20.908799999999996,29.620799999999996,0,None,None,None,None,None,None,None,1102,0.46463999999999994,7.08576,10.454399999999998,14.40384,17.54016,20.908799999999996,29.620799999999996,None,None,None,None,14.166057931034482,5.3660877902811155,None,None,14.166057931034482,5.3660877902811155
-87.628,41.8935,1496,0,None,None,None,None,None,None,None,0,None,None,None,None,None,None,None,1427,0.81312,5.877695999999999,9.8736,14.868479999999998,23.34816,33.96518400000001,70.62528,0,None,None,None,None,None,None,None,1427,0.81312,5.877695999999999,9.8736,14.868479999999998,23.34816,33.96518400000001,70.62528,None,None,None,None,17.884954730203226,11.633249948644535,None,None,17.884954730203226,11.633249948644535
-87.628,41.894,5783,0,None,None,None,None,None,None,None,0,None,None,None,None,None,None,None,5533,0.5808,6.9696,12.54528,18.120959999999997,23.46432,27.413759999999996,45.65088,0,None,None,None,None,None,None,None,5533,0.5808,6.9696,12.54528,18.120959999999997,23.46432,27.413759999999996,45.65088,None,None,None,None,17.82770196276884,7.743692027023246,None,None,17.82770196276884,7.743692027023246
-87.628,41.8945,2812,0,None,None,None,None,None,None,None,0,None,None,None,None,None,None,None,2688,0.9292799999999999,13.9392,19.05024,25.322879999999998,48.7872,67.87228800000003,91.99871999999999,0,None,None,None,None,None,None,None,2688,0.9292799999999999,13.9392,19.05024,25.322879999999998,48.7872,67.87228800000003,91.99871999999999,None,None,None,None,33.55217973214286,20.728295702646328,None,None,33.55217973214286,20.728295702646328
-87.628,41.895,1647,0,None,None,None,None,None,None,None,0,None,None,None,None,None,None,None,1579,0.5808,6.3888,11.499839999999999,15.6816,18.934079999999998,21.95424,41.469120000000004,0,None,None,None,None,None,None,None,1579,0.5808,6.3888,11.499839999999999,15.6816,18.934079999999998,21.95424,41.469120000000004,None,None,None,None,15.10631741608613,6.104473271264602,None,None,15.10631741608613,6.104473271264602
-87.628,41.8955,852,0,None,None,None,None,None,None,None,0,None,None,None,None,None,None,None,810,0.81312,6.62112,10.25112,14.17152,22.0704,29.167776,43.21151999999999,0,None,None,None,None,None,None,None,810,0.81312,6.62112,10.25112,14.17152,22.0704,29.167776,43.21151999999999,None,None,None,None,16.30169362962963,8.5041764317354,None,None,16.30169362962963,8.5041764317354
-87.628,41.896,0,0,None,None,None,None,None,None,None,0,None,None,None,None,None,None,None,0,None,None,None,None,None,None,None,0,None,None,None,None,None,None,None,0,None,None,None,None,None,None,None,None,None,None,None,None,None,None,None,None,None
-87.628,41.8965,50,0,None,None,None,None,None,None,None,0,None,None,None,None,None,None,None,48,2.7878399999999997,10.117535999999998,13.126079999999998,18.06288,22.76736,25.392576,34.49952,0,None,None,None,None,None,None,None,48,2.7878399999999997,10.117535999999998,13.126079999999998,18.06288,22.76736,25.392576,34.49952,None,None,None,None,18.029,6.521531377337688,None,None,18.029,6.521531377337688
-87.628,41.897,0,0,None,None,None,None,None,None,None,0,None,None,None,None,None,None,None,0,None,None,None,None,None,None,None,0,None,None,None,None,None,None,None,0,None,None,None,None,None,None,None,None,None,None,None,None,None,None,None,None,None
-87.628,41.898,0,0,None,None,None,None,None,None,None,0,None,None,None,None,None,None,None,0,None,None,None,None,None,None,None,0,None,None,None,None,None,None,None,0,None,None,None,None,None,None,None,None,None,None,None,None,None,None,None,None,None
-87.628,41.8985,0,0,None,None,None,None,None,None,None,0,None,None,None,None,None,None,None,0,None,None,None,None,None,None,None,0,None,None,None,None,None,None,None,0,None,None,None,None,None,None,None,None,None,None,None,None,None,None,None,None,None
-87.628,41.899,0,0,None,None,None,None,None,None,None,0,None,None,None,None,None,None,None,0,None,None,None,None,None,None,None,0,None,None,None,None,None,None,None,0,None,None,None,None,None,None,None,None,None,None,None,None,None,None,None,None,None
-87.628,41.8995,0,0,None,None,None,None,None,None,None,0,None,None,None,None,None,None,None,0,None,None,None,None,None,None,None,0,None,None,None,None,None,None,None,0,None,None,None,None,None,None,None,None,None,None,None,None,None,None,None,None,None
-87.628,41.9,0,0,None,None,None,None,None,None,None,0,None,None,None,None,None,None,None,0,None,None,None,None,None,None,None,0,None,None,None,None,None,None,None,0,None,None,None,None,None,None,None,None,None,None,None,None,None,None,None,None,None
-87.6275,41.89,49,0,None,None,None,None,None,None,None,0,None,None,None,None,None,None,None,46,1.27776,2.0908800000000003,4.356,8.77008,16.610879999999998,24.74208,37.635839999999995,0,None,None,None,None,None,None,None,46,1.27776,2.0908800000000003,4.356,8.77008,16.610879999999998,24.74208,37.635839999999995,None,None,None,None,11.267520000000001,8.757838366768068,None,None,11.267520000000001,8.757838366768068
-87.6275,41.8915,1703,0,None,None,None,None,None,None,None,0,None,None,None,None,None,None,None,1609,0.34847999999999996,2.20704,4.6464,7.66656,11.0352,14.752320000000001,27.2976,0,None,None,None,None,None,None,None,1609,0.34847999999999996,2.20704,4.6464,7.66656,11.0352,14.752320000000001,27.2976,None,None,None,None,8.183765916718457,4.769887882898095,None,None,8.183765916718457,4.769887882898095
-87.6275,41.892,0,0,None,None,None,None,None,None,None,0,None,None,None,None,None,None,None,0,None,None,None,None,None,None,None,0,None,None,None,None,None,None,None,0,None,None,None,None,None,None,None,None,None,None,None,None,None,None,None,None,None
-87.6275,41.8925,0,0,None,None,None,None,None,None,None,0,None,None,None,None,None,None,None,0,None,None,None,None,None,None,None,0,None,None,None,None,None,None,None,0,None,None,None,None,None,None,None,None,None,None,None,None,None,None,None,None,None
-87.6275,41.893,45,0,None,None,None,None,None,None,None,0,None,None,None,None,None,None,None,41,0.34847999999999996,0.9292799999999999,1.27776,5.4595199999999995,6.62112,8.712,9.757439999999999,0,None,None,None,None,None,None,None,41,0.34847999999999996,0.9292799999999999,1.27776,5.4595199999999995,6.62112,8.712,9.757439999999999,None,None,None,None,4.674731707317073,2.864437893520065,None,None,4.674731707317073,2.864437893520065
-87.6275,41.894,0,0,None,None,None,None,None,None,None,0,None,None,None,None,None,None,None,0,None,None,None,None,None,None,None,0,None,None,None,None,None,None,None,0,None,None,None,None,None,None,None,None,None,None,None,None,None,None,None,None,None
-87.6275,41.8945,0,0,None,None,None,None,None,None,None,0,None,None,None,None,None,None,None,0,None,None,None,None,None,None,None,0,None,None,None,None,None,None,None,0,None,None,None,None,None,None,None,None,None,None,None,None,None,None,None,None,None
-87.6275,41.8955,936,0,None,None,None,None,None,None,None,0,None,None,None,None,None,None,None,896,1.97472,12.1968,16.95936,20.44416,26.136,37.345439999999996,64.12031999999999,0,None,None,None,None,None,None,None,896,1.97472,12.1968,16.95936,20.44416,26.136,37.345439999999996,64.12031999999999,None,None,None,None,22.51313821428571,9.83407975990838,None,None,22.51313821428571,9.83407975990838
-87.6275,41.8965,47,0,None,None,None,None,None,None,None,0,None,None,None,None,None,None,None,45,2.7878399999999997,5.134271999999999,10.570559999999999,16.610879999999998,22.302719999999997,25.32288,28.80768,0,None,None,None,None,None,None,None,45,2.7878399999999997,5.134271999999999,10.570559999999999,16.610879999999998,22.302719999999997,25.32288,28.80768,None,None,None,None,16.463744000000002,7.263252783841685,None,None,16.463744000000002,7.263252783841685
-87.627,41.89,51,0,None,None,None,None,None,None,None,0,None,None,None,None,None,None,None,45,0.23231999999999997,0.46463999999999994,0.6969599999999999,1.04544,1.8585599999999998,3.206016,3.94944,0,None,None,None,None,None,None,None,45,0.23231999999999997,0.46463999999999994,0.6969599999999999,1.04544,1.8585599999999998,3.206016,3.94944,None,None,None,None,1.4636159999999996,0.995156730120437,None,None,1.4636159999999996,0.995156730120437
-87.627,41.8915,779,0,None,None,None,None,None,None,None,0,None,None,None,None,None,None,None,720,0.11615999999999999,1.04544,2.4393599999999998,4.2979199999999995,6.27264,8.36352,25.446080000000002,0,None,None,None,None,None,None,None,720,0.11615999999999999,1.04544,2.4393599999999998,4.2979199999999995,6.27264,8.36352,25.446080000000002,None,None,None,None,4.872124888888888,3.729442084522457,None,None,4.872124888888888,3.729442084522457
-87.627,41.892,464,0,None,None,None,None,None,None,None,365,0.46463999999999994,8.619072,15.33312,22.6512,33.6864,51.62150400000004,118.94783999999999,8,5.34336,5.34336,5.9532,9.8736,16.610879999999998,18.597216,19.1664,365,0.46463999999999994,8.619072,15.33312,22.6512,33.6864,51.62150400000004,118.94783999999999,373,0.46463999999999994,7.852416000000001,15.216959999999998,22.0704,33.45408,50.622527999999996,118.94783999999999,None,None,27.96394082191781,21.455710899649887,11.267519999999998,5.573864704493642,27.96394082191781,21.455710899649887,27.605840643431634,21.377352908722443
-87.627,41.8925,16,0,None,None,None,None,None,None,None,10,4.0656,6.15648,12.02256,24.567839999999997,39.08784,43.61808,49.367999999999995,0,None,None,None,None,None,None,None,10,4.0656,6.15648,12.02256,24.567839999999997,39.08784,43.61808,49.367999999999995,10,4.0656,6.15648,12.02256,24.567839999999997,39.08784,43.61808,49.367999999999995,None,None,25.462272,15.682271132305292,None,None,25.462272,15.682271132305292,25.462272,15.682271132305292
-87.627,41.893,55,0,None,None,None,None,None,None,None,0,None,None,None,None,None,None,None,51,0.11615999999999999,0.81312,1.27776,1.62624,2.09088,2.3232,6.737279999999999,0,None,None,None,None,None,None,None,51,0.11615999999999999,0.81312,1.27776,1.62624,2.09088,2.3232,6.737279999999999,None,None,None,None,1.7720094117647056,1.1165024953080336,None,None,1.7720094117647056,1.1165024953080336
-87.627,41.894,0,0,None,None,None,None,None,None,None,0,None,None,None,None,None,None,None,0,None,None,None,None,None,None,None,0,None,None,None,None,None,None,None,0,None,None,None,None,None,None,None,None,None,None,None,None,None,None,None,None,None
-87.627,41.8945,0,0,None,None,None,None,None,None,None,0,None,None,None,None,None,None,None,0,None,None,None,None,None,None,None,0,None,None,None,None,None,None,None,0,None,None,None,None,None,None,None,None,None,None,None,None,None,None,None,None,None
-87.627,41.8955,2266,0,None,None,None,None,None,None,None,0,None,None,None,None,None,None,None,2157,0.11615999999999999,9.014016000000002,13.9392,18.817919999999997,22.88352,26.879424000000007,67.48895999999999,0,None,None,None,None,None,None,None,2157,0.11615999999999999,9.014016000000002,13.9392,18.817919999999997,22.88352,26.879424000000007,67.48895999999999,None,None,None,None,18.546237848864163,7.481536291069458,None,None,18.546237848864163,7.481536291069458
-87.627,41.8965,476,0,None,None,None,None,None,None,None,0,None,None,None,None,None,None,None,457,1.1616,11.151359999999999,21.141119999999997,26.25216,31.71168,35.24294400000001,45.8832,0,None,None,None,None,None,None,None,457,1.1616,11.151359999999999,21.141119999999997,26.25216,31.71168,35.24294400000001,45.8832,None,None,None,None,25.29873295404814,8.868068359933105,None,None,25.29873295404814,8.868068359933105
-87.6265,41.89,66,0,None,None,None,None,None,None,None,0,None,None,None,None,None,None,None,60,0.23231999999999997,0.46463999999999994,0.9002399999999999,5.05296,7.986000000000001,9.652896,11.26752,0,None,None,None,None,None,None,None,60,0.23231999999999997,0.46463999999999994,0.9002399999999999,5.05296,7.986000000000001,9.652896,11.26752,None,None,None,None,4.719967999999999,3.6211357198669036,None,None,4.719967999999999,3.6211357198669036
-87.6265,41.8915,951,0,None,None,None,None,None,None,None,0,None,None,None,None,None,None,None,860,0.11615999999999999,0.6969599999999999,1.3939199999999998,3.4848,6.62112,13.358399999999998,40.0752,0,None,None,None,None,None,None,None,860,0.11615999999999999,0.6969599999999999,1.3939199999999998,3.4848,6.62112,13.358399999999998,40.0752,None,None,None,None,5.286495627906977,5.8095084062099955,None,None,5.286495627906977,5.8095084062099955
-87.6265,41.892,722,0,None,None,None,None,None,None,None,128,0.11615999999999999,0.9292799999999999,1.62624,4.2979199999999995,8.74104,16.785119999999996,39.029759999999996,492,0.6969599999999999,6.62112,11.819280000000001,17.424,24.771119999999996,30.2016,54.82751999999999,128,0.11615999999999999,0.9292799999999999,1.62624,4.2979199999999995,8.74104,16.785119999999996,39.029759999999996,620,0.11615999999999999,2.904,7.52136,15.6816,22.418879999999998,29.063232000000003,54.82751999999999,None,None,6.6093225,6.905673529887851,18.353043902439023,9.341492973592207,6.6093225,6.905673529887851,15.928533677419354,10.084029815029243
-87.6265,41.8925,504,0,None,None,None,None,None,None,None,92,0.11615999999999999,0.9292799999999999,1.5972,3.6009599999999997,7.463279999999999,17.795712000000005,82.82208,341,0.81312,3.3686399999999996,6.3888,8.47968,11.38368,16.610879999999998,23.928959999999996,92,0.11615999999999999,0.9292799999999999,1.5972,3.6009599999999997,7.463279999999999,17.795712000000005,82.82208,433,0.11615999999999999,1.9979520000000004,4.530239999999999,7.89888,11.151359999999999,16.819968,82.82208,None,None,8.16150260869565,13.892076277259392,9.237615483870966,4.717858795044591,8.16150260869565,13.892076277259392,9.008972563510392,7.663386595164684
-87.6265,41.893,559,0,None,None,None,None,None,None,None,275,2.3232,18.771456,42.86304,70.16064,87.23615999999998,108.16819199999998,184.11359999999996,219,1.1616,5.087808,11.441759999999999,18.237119999999997,21.95424,25.926912,62.029439999999994,275,2.3232,18.771456,42.86304,70.16064,87.23615999999998,108.16819199999998,184.11359999999996,494,1.1616,8.712,17.569200000000002,27.471839999999997,72.10632000000001,96.902784,184.11359999999996,None,None,66.73527039999999,33.6217158736096,17.262224657534244,9.041795124262354,66.73527039999999,33.6217158736096,44.802887773279345,35.630854925403796
-87.6265,41.8935,227,0,None,None,None,None,None,None,None,190,0.9292799999999999,79.82515199999999,110.72952,133.81631999999996,161.37527999999998,209.14607999999998,352.08095999999995,6,90.37248,105.76368,127.13711999999998,161.40431999999998,181.03536000000003,201.13103999999998,220.12319999999997,190,0.9292799999999999,79.82515199999999,110.72952,133.81631999999996,161.37527999999998,209.14607999999998,352.08095999999995,196,0.9292799999999999,80.09231999999999,111.01992,134.68752,163.32095999999999,209.84303999999997,352.08095999999995,None,None,139.44959452631576,59.342430755568046,156.09968,42.6365443069487,139.44959452631576,59.342430755568046,139.95929102040813,58.97116466386333
-87.6265,41.894,127,0,None,None,None,None,None,None,None,114,9.060479999999998,157.29225599999998,196.6168,236.32752,260.568,278.981472,320.51968,0,None,None,None,None,None,None,None,114,9.060479999999998,157.29225599999998,196.6168,236.32752,260.568,278.981472,320.51968,114,9.060479999999998,157.29225599999998,196.6168,236.32752,260.568,278.981472,320.51968,None,None,220.6205445614035,59.38813404027264,None,None,220.6205445614035,59.38813404027264,220.6205445614035,59.38813404027264
-87.6265,41.8945,237,0,None,None,None,None,None,None,None,208,19.1664,135.012768,168.51912,216.75456,255.60215999999997,287.59737599999994,339.89824,0,None,None,None,None,None,None,None,208,19.1664,135.012768,168.51912,216.75456,255.60215999999997,287.59737599999994,339.89824,208,19.1664,135.012768,168.51912,216.75456,255.60215999999997,287.59737599999994,339.89824,None,None,210.21454076923075,63.962222413683186,None,None,210.21454076923075,63.962222413683186,210.21454076923075,63.962222413683186
-87.6265,41.895,92,0,None,None,None,None,None,None,None,85,0.11615999999999999,10.33824,19.979519999999997,28.80768,35.77728,42.166079999999994,57.15072,0,None,None,None,None,None,None,None,85,0.11615999999999999,10.33824,19.979519999999997,28.80768,35.77728,42.166079999999994,57.15072,85,0.11615999999999999,10.33824,19.979519999999997,28.80768,35.77728,42.166079999999994,57.15072,None,None,27.430913882352943,11.479936570226089,None,None,27.430913882352943,11.479936570226089,27.430913882352943,11.479936570226089
-87.6265,41.8955,1544,0,None,None,None,None,None,None,None,110,0.6969599999999999,7.0741439999999995,13.24224,21.663839999999997,26.10696,30.805632,42.86304,1378,0.46463999999999994,11.929632,21.721919999999997,31.42128,38.44896,46.23168,63.3072,110,0.6969599999999999,7.0741439999999995,13.24224,21.663839999999997,26.10696,30.805632,42.86304,1488,0.46463999999999994,11.232672,20.908799999999996,30.433919999999997,37.751999999999995,45.76704000000001,63.3072,None,None,20.169600000000003,8.845604659201086,30.243907692307694,12.550232289476675,20.169600000000003,8.845604659201086,29.499167204301074,12.593525955199503
-87.6265,41.896,0,0,None,None,None,None,None,None,None,0,None,None,None,None,None,None,None,0,None,None,None,None,None,None,None,0,None,None,None,None,None,None,None,0,None,None,None,None,None,None,None,None,None,None,None,None,None,None,None,None,None
-87.6265,41.8965,56,0,None,None,None,None,None,None,None,0,None,None,None,None,None,None,None,53,2.7878399999999997,4.692863999999999,6.737279999999999,11.848320000000001,16.8432,19.886592,23.58048,0,None,None,None,None,None,None,None,53,2.7878399999999997,4.692863999999999,6.737279999999999,11.848320000000001,16.8432,19.886592,23.58048,None,None,None,None,12.168307924528298,5.856797243914297,None,None,12.168307924528298,5.856797243914297
-87.6265,41.897,0,0,None,None,None,None,None,None,None,0,None,None,None,None,None,None,None,0,None,None,None,None,None,None,None,0,None,None,None,None,None,None,None,0,None,None,None,None,None,None,None,None,None,None,None,None,None,None,None,None,None
-87.626,41.89,40,0,None,None,None,None,None,None,None,0,None,None,None,None,None,None,None,38,3.4848,5.656992,7.20192,9.0024,10.570559999999999,12.150336000000001,14.28768,0,None,None,None,None,None,None,None,38,3.4848,5.656992,7.20192,9.0024,10.570559999999999,12.150336000000001,14.28768,None,None,None,None,8.855671578947367,2.61898593343073,None,None,8.855671578947367,2.61898593343073
-87.626,41.8915,1396,0,None,None,None,None,None,None,None,0,None,None,None,None,None,None,None,1304,0.23231999999999997,1.04544,1.8585599999999998,4.76256,8.94432,15.6816,33.33792,0,None,None,None,None,None,None,None,1304,0.23231999999999997,1.04544,1.8585599999999998,4.76256,8.94432,15.6816,33.33792,None,None,None,None,6.662463803680982,6.431628786126826,None,None,6.662463803680982,6.431628786126826
-87.626,41.892,0,0,None,None,None,None,None,None,None,0,None,None,None,None,None,None,None,0,None,None,None,None,None,None,None,0,None,None,None,None,None,None,None,0,None,None,None,None,None,None,None,None,None,None,None,None,None,None,None,None,None
-87.626,41.8925,35,0,None,None,None,None,None,None,None,0,None,None,None,None,None,None,None,33,1.97472,4.599936,6.50496,10.68672,14.17152,15.635136,19.514879999999998,0,None,None,None,None,None,None,None,33,1.97472,4.599936,6.50496,10.68672,14.17152,15.635136,19.514879999999998,None,None,None,None,10.21504,4.46628774639521,None,None,10.21504,4.46628774639521
-87.626,41.893,0,0,None,None,None,None,None,None,None,0,None,None,None,None,None,None,None,0,None,None,None,None,None,None,None,0,None,None,None,None,None,None,None,0,None,None,None,None,None,None,None,None,None,None,None,None,None,None,None,None,None
-87.626,41.894,0,0,None,None,None,None,None,None,None,0,None,None,None,None,None,None,None,0,None,None,None,None,None,None,None,0,None,None,None,None,None,None,None,0,None,None,None,None,None,None,None,None,None,None,None,None,None,None,None,None,None
-87.626,41.8945,0,0,None,None,None,None,None,None,None,0,None,None,None,None,None,None,None,0,None,None,None,None,None,None,None,0,None,None,None,None,None,None,None,0,None,None,None,None,None,None,None,None,None,None,None,None,None,None,None,None,None
-87.626,41.8955,520,0,None,None,None,None,None,None,None,54,1.1616,5.819616000000001,10.570559999999997,15.21696,20.124719999999996,21.454752,24.85824,440,0.11615999999999999,1.8585599999999998,6.156479999999999,12.312959999999999,17.191679999999998,23.696640000000002,41.70143999999999,54,1.1616,5.819616000000001,10.570559999999997,15.21696,20.124719999999996,21.454752,24.85824,494,0.11615999999999999,2.09088,6.65016,12.661439999999999,17.394959999999998,23.197152,41.70143999999999,None,None,14.659822222222218,5.93551119398373,12.355824,8.122813230091161,14.659822222222218,5.93551119398373,12.607678056680161,7.945792676312435
-87.626,41.8965,45,0,None,None,None,None,None,None,None,0,None,None,None,None,None,None,None,42,5.9241600000000005,14.868479999999998,22.128479999999996,25.903679999999998,27.7332,31.583904,34.73184,0,None,None,None,None,None,None,None,42,5.9241600000000005,14.868479999999998,22.128479999999996,25.903679999999998,27.7332,31.583904,34.73184,None,None,None,None,24.188937142857146,6.781188525471905,None,None,24.188937142857146,6.781188525471905
-87.6255,41.89,88,0,None,None,None,None,None,None,None,0,None,None,None,None,None,None,None,85,3.13632,11.825088,14.984639999999999,21.4896,27.413759999999996,34.56921600000002,48.90335999999999,0,None,None,None,None,None,None,None,85,3.13632,11.825088,14.984639999999999,21.4896,27.413759999999996,34.56921600000002,48.90335999999999,None,None,None,None,21.974738823529414,9.20585709814041,None,None,21.974738823529414,9.20585709814041
-87.6255,41.891,0,0,None,None,None,None,None,None,None,0,None,None,None,None,None,None,None,0,None,None,None,None,None,None,None,0,None,None,None,None,None,None,None,0,None,None,None,None,None,None,None,None,None,None,None,None,None,None,None,None,None
-87.6255,41.8915,954,0,None,None,None,None,None,None,None,0,None,None,None,None,None,None,None,901,0.34847999999999996,1.04544,2.20704,5.34336,8.595839999999999,17.075519999999997,36.93888,0,None,None,None,None,None,None,None,901,0.34847999999999996,1.04544,2.20704,5.34336,8.595839999999999,17.075519999999997,36.93888,None,None,None,None,7.021563951165372,6.557253482429591,None,None,7.021563951165372,6.557253482429591
-87.6255,41.892,0,0,None,None,None,None,None,None,None,0,None,None,None,None,None,None,None,0,None,None,None,None,None,None,None,0,None,None,None,None,None,None,None,0,None,None,None,None,None,None,None,None,None,None,None,None,None,None,None,None,None
-87.6255,41.8925,37,0,None,None,None,None,None,None,None,0,None,None,None,None,None,None,None,35,0.11615999999999999,0.627264,1.33584,6.50496,9.40896,11.662464000000002,16.37856,0,None,None,None,None,None,None,None,35,0.11615999999999999,0.627264,1.33584,6.50496,9.40896,11.662464000000002,16.37856,None,None,None,None,5.864420571428571,4.443881552021799,None,None,5.864420571428571,4.443881552021799
-87.6255,41.893,0,0,None,None,None,None,None,None,None,0,None,None,None,None,None,None,None,0,None,None,None,None,None,None,None,0,None,None,None,None,None,None,None,0,None,None,None,None,None,None,None,None,None,None,None,None,None,None,None,None,None
-87.6255,41.894,0,0,None,None,None,None,None,None,None,0,None,None,None,None,None,None,None,0,None,None,None,None,None,None,None,0,None,None,None,None,None,None,None,0,None,None,None,None,None,None,None,None,None,None,None,None,None,None,None,None,None
-87.6255,41.8945,0,0,None,None,None,None,None,None,None,0,None,None,None,None,None,None,None,0,None,None,None,None,None,None,None,0,None,None,None,None,None,None,None,0,None,None,None,None,None,None,None,None,None,None,None,None,None,None,None,None,None
-87.6255,41.8955,3735,0,None,None,None,None,None,None,None,112,3.4848,8.839776,15.884879999999999,29.21424,37.81008,44.361504,59.24159999999999,3453,0.23231999999999997,3.4848,9.176639999999999,16.37856,25.09056,34.96416,77.71104,112,3.4848,8.839776,15.884879999999999,29.21424,37.81008,44.361504,59.24159999999999,3565,0.23231999999999997,3.60096,9.176639999999999,16.610879999999998,25.5552,35.544959999999996,77.71104,None,None,27.80275142857143,13.699939929859365,18.30791196061396,12.317254850112997,27.80275142857143,13.699939929859365,18.606207057503504,12.47350059627107
-87.6255,41.8965,41,0,None,None,None,None,None,None,None,0,None,None,None,None,None,None,None,40,1.8585599999999998,11.49984,19.22448,25.961759999999998,28.807679999999998,30.794016,34.383359999999996,0,None,None,None,None,None,None,None,40,1.8585599999999998,11.49984,19.22448,25.961759999999998,28.807679999999998,30.794016,34.383359999999996,None,None,None,None,23.179727999999997,8.096274920723479,None,None,23.179727999999997,8.096274920723479
-87.625,41.891,666,0,None,None,None,None,None,None,None,0,None,None,None,None,None,None,None,580,0.11615999999999999,1.7424,4.849679999999999,9.757439999999999,14.28768,18.608832000000003,30.550079999999998,0,None,None,None,None,None,None,None,580,0.11615999999999999,1.7424,4.849679999999999,9.757439999999999,14.28768,18.608832000000003,30.550079999999998,None,None,None,None,9.949704827586208,6.269881955681089,None,None,9.949704827586208,6.269881955681089
-87.625,41.8915,1656,0,None,None,None,None,None,None,None,0,None,None,None,None,None,None,None,1549,0.11615999999999999,1.04544,2.09088,4.8787199999999995,10.454399999999998,17.424,37.751999999999995,0,None,None,None,None,None,None,None,1549,0.11615999999999999,1.04544,2.09088,4.8787199999999995,10.454399999999998,17.424,37.751999999999995,None,None,None,None,7.2601124854745,6.754680655627294,None,None,7.2601124854745,6.754680655627294
-87.625,41.892,0,0,None,None,None,None,None,None,None,0,None,None,None,None,None,None,None,0,None,None,None,None,None,None,None,0,None,None,None,None,None,None,None,0,None,None,None,None,None,None,None,None,None,None,None,None,None,None,None,None,None
-87.625,41.8925,119,0,None,None,None,None,None,None,None,0,None,None,None,None,None,None,None,113,0.46463999999999994,1.8585599999999998,4.18176,7.782719999999999,11.499839999999999,15.402816,19.7472,0,None,None,None,None,None,None,None,113,0.46463999999999994,1.8585599999999998,4.18176,7.782719999999999,11.499839999999999,15.402816,19.7472,None,None,None,None,8.074661946902655,4.902406403704865,None,None,8.074661946902655,4.902406403704865
-87.625,41.893,0,0,None,None,None,None,None,None,None,0,None,None,None,None,None,None,None,0,None,None,None,None,None,None,None,0,None,None,None,None,None,None,None,0,None,None,None,None,None,None,None,None,None,None,None,None,None,None,None,None,None
-87.625,41.894,0,0,None,None,None,None,None,None,None,0,None,None,None,None,None,None,None,0,None,None,None,None,None,None,None,0,None,None,None,None,None,None,None,0,None,None,None,None,None,None,None,None,None,None,None,None,None,None,None,None,None
-87.625,41.8945,0,0,None,None,None,None,None,None,None,0,None,None,None,None,None,None,None,0,None,None,None,None,None,None,None,0,None,None,None,None,None,None,None,0,None,None,None,None,None,None,None,None,None,None,None,None,None,None,None,None,None
-87.625,41.895,0,0,None,None,None,None,None,None,None,0,None,None,None,None,None,None,None,0,None,None,None,None,None,None,None,0,None,None,None,None,None,None,None,0,None,None,None,None,None,None,None,None,None,None,None,None,None,None,None,None,None
-87.625,41.8955,2841,0,None,None,None,None,None,None,None,0,None,None,None,None,None,None,None,2714,0.11615999999999999,2.09088,6.27264,15.565439999999999,22.418879999999998,28.80768,65.16575999999999,0,None,None,None,None,None,None,None,2714,0.11615999999999999,2.09088,6.27264,15.565439999999999,22.418879999999998,28.80768,65.16575999999999,None,None,None,None,15.625874016212231,10.54749779169426,None,None,15.625874016212231,10.54749779169426
-87.625,41.896,0,0,None,None,None,None,None,None,None,0,None,None,None,None,None,None,None,0,None,None,None,None,None,None,None,0,None,None,None,None,None,None,None,0,None,None,None,None,None,None,None,None,None,None,None,None,None,None,None,None,None
-87.625,41.8965,692,0,None,None,None,None,None,None,None,0,None,None,None,None,None,None,None,650,0.11615999999999999,0.9292799999999999,2.20704,4.18176,7.5504,17.691168000000008,43.09535999999999,0,None,None,None,None,None,None,None,650,0.11615999999999999,0.9292799999999999,2.20704,4.18176,7.5504,17.691168000000008,43.09535999999999,None,None,None,None,6.918310892307692,7.945618691001637,None,None,6.918310892307692,7.945618691001637
-87.6245,41.8915,662,0,None,None,None,None,None,None,None,0,None,None,None,None,None,None,None,619,0.34847999999999996,1.39392,2.67168,5.575679999999999,12.080639999999999,18.63206400000001,31.82784,0,None,None,None,None,None,None,None,619,0.34847999999999996,1.39392,2.67168,5.575679999999999,12.080639999999999,18.63206400000001,31.82784,None,None,None,None,7.953300678513731,6.67230922827194,None,None,7.953300678513731,6.67230922827194
-87.6245,41.892,0,0,None,None,None,None,None,None,None,0,None,None,None,None,None,None,None,0,None,None,None,None,None,None,None,0,None,None,None,None,None,None,None,0,None,None,None,None,None,None,None,None,None,None,None,None,None,None,None,None,None
-87.6245,41.8925,76,0,None,None,None,None,None,None,None,0,None,None,None,None,None,None,None,71,0.5808,1.04544,2.0328,3.60096,7.898879999999999,11.499839999999999,13.823039999999999,0,None,None,None,None,None,None,None,71,0.5808,1.04544,2.0328,3.60096,7.898879999999999,11.499839999999999,13.823039999999999,None,None,None,None,5.048869859154929,3.8177969716237428,None,None,5.048869859154929,3.8177969716237428
-87.6245,41.893,0,0,None,None,None,None,None,None,None,0,None,None,None,None,None,None,None,0,None,None,None,None,None,None,None,0,None,None,None,None,None,None,None,0,None,None,None,None,None,None,None,None,None,None,None,None,None,None,None,None,None
-87.6245,41.894,0,0,None,None,None,None,None,None,None,0,None,None,None,None,None,None,None,0,None,None,None,None,None,None,None,0,None,None,None,None,None,None,None,0,None,None,None,None,None,None,None,None,None,None,None,None,None,None,None,None,None
-87.6245,41.8945,0,0,None,None,None,None,None,None,None,0,None,None,None,None,None,None,None,0,None,None,None,None,None,None,None,0,None,None,None,None,None,None,None,0,None,None,None,None,None,None,None,None,None,None,None,None,None,None,None,None,None
-87.6245,41.895,0,0,None,None,None,None,None,None,None,0,None,None,None,None,None,None,None,0,None,None,None,None,None,None,None,0,None,None,None,None,None,None,None,0,None,None,None,None,None,None,None,None,None,None,None,None,None,None,None,None,None
-87.6245,41.8955,2552,0,None,None,None,None,None,None,None,0,None,None,None,None,None,None,None,2430,0.23231999999999997,3.0201599999999997,8.24736,14.984639999999999,22.53504,27.297600000000003,42.9792,0,None,None,None,None,None,None,None,2430,0.23231999999999997,3.0201599999999997,8.24736,14.984639999999999,22.53504,27.297600000000003,42.9792,None,None,None,None,15.460722172839507,8.931682388689595,None,None,15.460722172839507,8.931682388689595
-87.6245,41.8965,99,0,None,None,None,None,None,None,None,0,None,None,None,None,None,None,None,92,0.23231999999999997,1.0570559999999998,2.3232,4.0075199999999995,8.39256,11.720544000000002,24.742079999999998,0,None,None,None,None,None,None,None,92,0.23231999999999997,1.0570559999999998,2.3232,4.0075199999999995,8.39256,11.720544000000002,24.742079999999998,None,None,None,None,5.65143652173913,4.706877871014795,None,None,5.65143652173913,4.706877871014795
-87.624,41.891,5988,0,None,None,None,None,None,None,None,0,None,None,None,None,None,None,None,4549,0.11615999999999999,0.23231999999999997,0.34847999999999996,1.04544,2.5625599999999995,3.8438399999999997,32.52608,0,None,None,None,None,None,None,None,4549,0.11615999999999999,0.23231999999999997,0.34847999999999996,1.04544,2.5625599999999995,3.8438399999999997,32.52608,None,None,None,None,1.6386882743460098,1.7300180975132096,None,None,1.6386882743460098,1.7300180975132096
-87.624,41.8915,1367,0,None,None,None,None,None,None,None,0,None,None,None,None,None,None,None,1230,0.11615999999999999,1.3977600000000001,3.3686399999999996,5.4595199999999995,9.64128,15.234912000000012,34.99328,0,None,None,None,None,None,None,None,1230,0.11615999999999999,1.3977600000000001,3.3686399999999996,5.4595199999999995,9.64128,15.234912000000012,34.99328,None,None,None,None,7.273225105691056,6.147709460419334,None,None,7.273225105691056,6.147709460419334
-87.624,41.892,453,0,None,None,None,None,None,None,None,0,None,None,None,None,None,None,None,307,0.11648,1.04832,1.7471999999999999,5.00864,6.6792,8.256448,14.868479999999998,0,None,None,None,None,None,None,None,307,0.11648,1.04832,1.7471999999999999,5.00864,6.6792,8.256448,14.868479999999998,None,None,None,None,4.5901894462540715,2.9050757587072806,None,None,4.5901894462540715,2.9050757587072806
-87.624,41.8925,623,0,None,None,None,None,None,None,None,0,None,None,None,None,None,None,None,479,0.11615999999999999,0.349248,0.81312,1.7471999999999999,4.659199999999999,7.108991999999998,24.016000000000002,0,None,None,None,None,None,None,None,479,0.11615999999999999,0.349248,0.81312,1.7471999999999999,4.659199999999999,7.108991999999998,24.016000000000002,None,None,None,None,3.2985270981210855,3.72447734656313,None,None,3.2985270981210855,3.72447734656313
-87.624,41.893,597,0,None,None,None,None,None,None,None,0,None,None,None,None,None,None,None,472,0.11648,0.46592,1.2803999999999998,3.26144,6.156479999999999,9.748480000000002,22.76736,0,None,None,None,None,None,None,None,472,0.11648,0.46592,1.2803999999999998,3.26144,6.156479999999999,9.748480000000002,22.76736,None,None,None,None,4.349814915254237,4.0860594770214975,None,None,4.349814915254237,4.0860594770214975
-87.624,41.8935,2583,0,None,None,None,None,None,None,None,0,None,None,None,None,None,None,None,2299,0.11615999999999999,0.93184,1.7471999999999999,3.3779199999999996,6.62112,12.89376,26.36832,0,None,None,None,None,None,None,None,2299,0.11615999999999999,0.93184,1.7471999999999999,3.3779199999999996,6.62112,12.89376,26.36832,None,None,None,None,5.067715284906481,4.704287713107164,None,None,5.067715284906481,4.704287713107164
-87.624,41.894,874,0,None,None,None,None,None,None,None,0,None,None,None,None,None,None,None,746,0.11615999999999999,0.6396799999999999,1.1616,2.09664,3.6559999999999997,6.173439999999999,15.608319999999999,0,None,None,None,None,None,None,None,746,0.11615999999999999,0.6396799999999999,1.1616,2.09664,3.6559999999999997,6.173439999999999,15.608319999999999,None,None,None,None,2.8313286863270775,2.3448795656228816,None,None,2.8313286863270775,2.3448795656228816
-87.624,41.8945,2330,0,None,None,None,None,None,None,None,33,0.5808,4.2979199999999995,5.808,11.0352,18.353279999999998,21.838079999999998,36.0096,1938,0.11615999999999999,1.27776,3.0201599999999997,6.52288,10.366719999999999,15.449279999999998,33.6864,33,0.5808,4.2979199999999995,5.808,11.0352,18.353279999999998,21.838079999999998,36.0096,1971,0.11615999999999999,1.27776,3.02848,6.62112,10.483199999999998,15.565439999999999,36.0096,None,None,12.274239999999999,8.171513020047144,7.439171104231167,5.453184714901751,12.274239999999999,8.171513020047144,7.520123551496702,5.544562458310457
-87.624,41.895,2962,0,None,None,None,None,None,None,None,138,0.23231999999999997,1.62624,4.8787199999999995,9.98976,18.208079999999995,25.915295999999998,43.327679999999994,2396,0.11615999999999999,0.9292799999999999,2.3295999999999997,4.42624,7.31808,10.802879999999998,28.80768,138,0.23231999999999997,1.62624,4.8787199999999995,9.98976,18.208079999999995,25.915295999999998,43.327679999999994,2534,0.11615999999999999,0.9292799999999999,2.3570399999999996,4.54272,7.66656,11.38368,43.327679999999994,None,None,12.194274782608694,9.398962594575725,5.3285814357262105,4.138135417360089,12.194274782608694,9.398962594575725,5.7024826519337015,4.840438938378851
-87.624,41.8955,2083,0,None,None,None,None,None,None,None,174,0.23231999999999997,0.9641280000000001,3.13632,7.31808,12.661439999999999,18.87600000000001,32.64096,1608,0.11615999999999999,0.9292799999999999,2.3232,5.9241600000000005,10.483199999999998,12.837087999999996,29.620799999999996,174,0.23231999999999997,0.9641280000000001,3.13632,7.31808,12.661439999999999,18.87600000000001,32.64096,1782,0.11615999999999999,0.9292799999999999,2.3232,6.0403199999999995,10.664959999999999,13.16224,32.64096,None,None,8.873555862068965,7.183362094882157,6.571736915422885,4.722525541667501,8.873555862068965,7.183362094882157,6.7964936475869795,5.062595380479609
-87.624,41.896,2730,0,None,None,None,None,None,None,None,0,None,None,None,None,None,None,None,2529,0.11615999999999999,1.62624,3.7171199999999995,7.31808,10.483199999999998,12.346879999999999,34.49952,0,None,None,None,None,None,None,None,2529,0.11615999999999999,1.62624,3.7171199999999995,7.31808,10.483199999999998,12.346879999999999,34.49952,None,None,None,None,7.402764223013048,4.588578813840578,None,None,7.402764223013048,4.588578813840578
-87.624,41.8965,2643,0,None,None,None,None,None,None,None,0,None,None,None,None,None,None,None,2537,0.23296,3.8332799999999994,6.52288,10.802879999999998,15.44928,18.86438400000001,32.98944,0,None,None,None,None,None,None,None,2537,0.23296,3.8332799999999994,6.52288,10.802879999999998,15.44928,18.86438400000001,32.98944,None,None,None,None,11.133110382341346,5.636817353851379,None,None,11.133110382341346,5.636817353851379
-87.6235,41.891,907,0,None,None,None,None,None,None,None,0,None,None,None,None,None,None,None,656,0.11615999999999999,0.11615999999999999,0.23231999999999997,0.34847999999999996,0.46463999999999994,0.6969599999999999,2.09088,0,None,None,None,None,None,None,None,656,0.11615999999999999,0.11615999999999999,0.23231999999999997,0.34847999999999996,0.46463999999999994,0.6969599999999999,2.09088,None,None,None,None,0.41452829268292685,0.29353193643425096,None,None,0.41452829268292685,0.29353193643425096
-87.6235,41.8915,1233,0,None,None,None,None,None,None,None,0,None,None,None,None,None,None,None,1099,0.11615999999999999,0.5575680000000013,0.81312,1.8585599999999998,3.4848,5.575679999999999,19.28256,0,None,None,None,None,None,None,None,1099,0.11615999999999999,0.5575680000000013,0.81312,1.8585599999999998,3.4848,5.575679999999999,19.28256,None,None,None,None,2.62274271155596,2.5939067140653784,None,None,2.62274271155596,2.5939067140653784
-87.6235,41.892,196,0,None,None,None,None,None,None,None,0,None,None,None,None,None,None,None,187,0.5808,2.625216,5.401439999999999,9.64128,15.565439999999999,21.536064,30.7824,0,None,None,None,None,None,None,None,187,0.5808,2.625216,5.401439999999999,9.64128,15.565439999999999,21.536064,30.7824,None,None,None,None,11.091764705882353,7.120741702780619,None,None,11.091764705882353,7.120741702780619
-87.6235,41.8925,52,0,None,None,None,None,None,None,None,0,None,None,None,None,None,None,None,50,0.5808,0.9176639999999999,2.00376,3.8913599999999997,5.082,5.831232,7.08576,0,None,None,None,None,None,None,None,50,0.5808,0.9176639999999999,2.00376,3.8913599999999997,5.082,5.831232,7.08576,None,None,None,None,3.6776255999999994,1.829969465550898,None,None,3.6776255999999994,1.829969465550898
-87.6235,41.893,0,0,None,None,None,None,None,None,None,0,None,None,None,None,None,None,None,0,None,None,None,None,None,None,None,0,None,None,None,None,None,None,None,0,None,None,None,None,None,None,None,None,None,None,None,None,None,None,None,None,None
-87.6235,41.894,0,0,None,None,None,None,None,None,None,0,None,None,None,None,None,None,None,0,None,None,None,None,None,None,None,0,None,None,None,None,None,None,None,0,None,None,None,None,None,None,None,None,None,None,None,None,None,None,None,None,None
-87.6235,41.8945,0,0,None,None,None,None,None,None,None,0,None,None,None,None,None,None,None,0,None,None,None,None,None,None,None,0,None,None,None,None,None,None,None,0,None,None,None,None,None,None,None,None,None,None,None,None,None,None,None,None,None
-87.6235,41.895,0,0,None,None,None,None,None,None,None,0,None,None,None,None,None,None,None,0,None,None,None,None,None,None,None,0,None,None,None,None,None,None,None,0,None,None,None,None,None,None,None,None,None,None,None,None,None,None,None,None,None
-87.6235,41.8955,540,0,None,None,None,None,None,None,None,73,0.11615999999999999,1.04544,3.13632,5.11104,6.9696,12.127103999999996,23.812799999999996,413,0.46463999999999994,2.55552,6.156479999999999,11.26752,13.823039999999999,16.2624,27.529919999999997,73,0.11615999999999999,1.04544,3.13632,5.11104,6.9696,12.127103999999996,23.812799999999996,486,0.11615999999999999,2.09088,5.11104,10.512479999999998,13.474559999999999,16.030079999999998,27.529919999999997,None,None,5.709343561643835,4.320917211183251,10.384946053268765,5.315023766130575,5.709343561643835,4.320917211183251,9.682643621399178,5.440688568260763
-87.623,41.8915,332,0,None,None,None,None,None,None,None,0,None,None,None,None,None,None,None,231,0.11615999999999999,0.11615999999999999,0.23231999999999997,0.81312,2.1489599999999998,4.0656,9.060479999999998,0,None,None,None,None,None,None,None,231,0.11615999999999999,0.11615999999999999,0.23231999999999997,0.81312,2.1489599999999998,4.0656,9.060479999999998,None,None,None,None,1.6212114285714283,1.9364962629260432,None,None,1.6212114285714283,1.9364962629260432
-87.623,41.8925,200,0,None,None,None,None,None,None,None,0,None,None,None,None,None,None,None,192,0.81312,1.62624,2.5264800000000003,7.20192,12.109679999999997,14.63616,19.39872,0,None,None,None,None,None,None,None,192,0.81312,1.62624,2.5264800000000003,7.20192,12.109679999999997,14.63616,19.39872,None,None,None,None,7.541325,5.138000212181291,None,None,7.541325,5.138000212181291
-87.623,41.893,0,0,None,None,None,None,None,None,None,0,None,None,None,None,None,None,None,0,None,None,None,None,None,None,None,0,None,None,None,None,None,None,None,0,None,None,None,None,None,None,None,None,None,None,None,None,None,None,None,None,None
-87.623,41.894,0,0,None,None,None,None,None,None,None,0,None,None,None,None,None,None,None,0,None,None,None,None,None,None,None,0,None,None,None,None,None,None,None,0,None,None,None,None,None,None,None,None,None,None,None,None,None,None,None,None,None
-87.623,41.8945,151,0,None,None,None,None,None,None,None,0,None,None,None,None,None,None,None,0,None,None,None,None,None,None,None,0,None,None,None,None,None,None,None,0,None,None,None,None,None,None,None,None,None,None,None,None,None,None,None,None,None
-87.623,41.895,0,0,None,None,None,None,None,None,None,0,None,None,None,None,None,None,None,0,None,None,None,None,None,None,None,0,None,None,None,None,None,None,None,0,None,None,None,None,None,None,None,None,None,None,None,None,None,None,None,None,None
-87.623,41.8955,1240,0,None,None,None,None,None,None,None,165,0.11615999999999999,0.9292799999999999,2.09088,4.8787199999999995,7.434239999999999,10.570559999999999,14.984639999999999,970,0.6969599999999999,2.55552,6.3888,11.38368,16.2624,22.662816000000003,36.474239999999995,165,0.11615999999999999,0.9292799999999999,2.09088,4.8787199999999995,7.434239999999999,10.570559999999999,14.984639999999999,1135,0.11615999999999999,2.20704,4.994879999999999,10.22208,15.44928,21.559296,36.474239999999995,None,None,5.178623999999999,3.5876860895992557,12.076399670103092,7.378732485043469,5.178623999999999,3.5876860895992557,11.073639330396475,7.369745856920131
-87.6225,41.8915,601,0,None,None,None,None,None,None,None,0,None,None,None,None,None,None,None,550,0.11615999999999999,0.5808,1.27776,4.2979199999999995,7.66656,11.499839999999999,29.853119999999997,0,None,None,None,None,None,None,None,550,0.11615999999999999,0.5808,1.27776,4.2979199999999995,7.66656,11.499839999999999,29.853119999999997,None,None,None,None,5.2764096,4.7191181378935445,None,None,5.2764096,4.7191181378935445
-87.6225,41.892,0,0,None,None,None,None,None,None,None,0,None,None,None,None,None,None,None,0,None,None,None,None,None,None,None,0,None,None,None,None,None,None,None,0,None,None,None,None,None,None,None,None,None,None,None,None,None,None,None,None,None
-87.6225,41.8925,59,0,None,None,None,None,None,None,None,0,None,None,None,None,None,None,None,54,0.34847999999999996,0.847968,1.19064,2.3812800000000003,6.6211199999999995,10.756416000000002,18.0048,0,None,None,None,None,None,None,None,54,0.34847999999999996,0.847968,1.19064,2.3812800000000003,6.6211199999999995,10.756416000000002,18.0048,None,None,None,None,4.426986666666666,4.398409454741061,None,None,4.426986666666666,4.398409454741061
-87.6225,41.893,0,0,None,None,None,None,None,None,None,0,None,None,None,None,None,None,None,0,None,None,None,None,None,None,None,0,None,None,None,None,None,None,None,0,None,None,None,None,None,None,None,None,None,None,None,None,None,None,None,None,None
-87.6225,41.8935,0,0,None,None,None,None,None,None,None,0,None,None,None,None,None,None,None,0,None,None,None,None,None,None,None,0,None,None,None,None,None,None,None,0,None,None,None,None,None,None,None,None,None,None,None,None,None,None,None,None,None
-87.6225,41.894,0,0,None,None,None,None,None,None,None,0,None,None,None,None,None,None,None,0,None,None,None,None,None,None,None,0,None,None,None,None,None,None,None,0,None,None,None,None,None,None,None,None,None,None,None,None,None,None,None,None,None
-87.6225,41.8945,553,0,None,None,None,None,None,None,None,82,2.904,7.004448,11.67408,25.845599999999997,32.0892,37.066656000000016,42.63072,0,None,None,None,None,None,None,None,82,2.904,7.004448,11.67408,25.845599999999997,32.0892,37.066656000000016,42.63072,82,2.904,7.004448,11.67408,25.845599999999997,32.0892,37.066656000000016,42.63072,None,None,23.200835121951215,11.10125449375861,None,None,23.200835121951215,11.10125449375861,23.200835121951215,11.10125449375861
-87.6225,41.895,240,0,None,None,None,None,None,None,None,230,0.9292799999999999,3.8100480000000005,7.695599999999999,12.545279999999998,20.15376,30.236448,40.77216,0,None,None,None,None,None,None,None,230,0.9292799999999999,3.8100480000000005,7.695599999999999,12.545279999999998,20.15376,30.236448,40.77216,230,0.9292799999999999,3.8100480000000005,7.695599999999999,12.545279999999998,20.15376,30.236448,40.77216,None,None,14.673028173913039,9.575080145350455,None,None,14.673028173913039,9.575080145350455,14.673028173913039,9.575080145350455
-87.6225,41.8955,3495,0,None,None,None,None,None,None,None,1686,0.23231999999999997,1.27776,2.4393599999999998,5.808,10.570559999999999,14.69424,23.812799999999996,1595,0.11615999999999999,1.1616,3.83328,9.176639999999999,14.752320000000001,18.817919999999997,30.2016,1686,0.23231999999999997,1.27776,2.4393599999999998,5.808,10.570559999999999,14.69424,23.812799999999996,3281,0.11615999999999999,1.27776,3.0201599999999997,6.9696,12.7776,16.72704,30.2016,None,None,6.945053475682088,5.073842911581103,9.672743724137929,6.665700549483302,6.945053475682088,5.073842911581103,8.271071746418773,6.056996772677524
-87.622,41.8915,956,0,None,None,None,None,None,None,None,0,None,None,None,None,None,None,None,808,0.11615999999999999,0.46463999999999994,1.04544,4.0656,6.9696,9.408959999999999,16.030079999999998,0,None,None,None,None,None,None,None,808,0.11615999999999999,0.46463999999999994,1.04544,4.0656,6.9696,9.408959999999999,16.030079999999998,None,None,None,None,4.484092277227723,3.632591338449997,None,None,4.484092277227723,3.632591338449997
-87.622,41.8925,54,0,None,None,None,None,None,None,None,0,None,None,None,None,None,None,None,32,0.11615999999999999,0.11615999999999999,0.23231999999999997,0.2904,0.46463999999999994,0.5808,0.6969599999999999,0,None,None,None,None,None,None,None,32,0.11615999999999999,0.11615999999999999,0.23231999999999997,0.2904,0.46463999999999994,0.5808,0.6969599999999999,None,None,None,None,0.33032999999999996,0.16455555141045833,None,None,0.33032999999999996,0.16455555141045833
-87.622,41.893,0,0,None,None,None,None,None,None,None,0,None,None,None,None,None,None,None,0,None,None,None,None,None,None,None,0,None,None,None,None,None,None,None,0,None,None,None,None,None,None,None,None,None,None,None,None,None,None,None,None,None
-87.622,41.894,0,0,None,None,None,None,None,None,None,0,None,None,None,None,None,None,None,0,None,None,None,None,None,None,None,0,None,None,None,None,None,None,None,0,None,None,None,None,None,None,None,None,None,None,None,None,None,None,None,None,None
-87.622,41.8945,1280,0,None,None,None,None,None,None,None,1106,0.23231999999999997,4.6464,8.595839999999999,14.17152,23.696640000000002,32.40864,53.78207999999999,18,5.9241600000000005,7.422623999999999,8.94432,9.46704,10.22208,10.524095999999998,11.964479999999998,1106,0.23231999999999997,4.6464,8.595839999999999,14.17152,23.696640000000002,32.40864,53.78207999999999,1124,0.23231999999999997,4.6464,8.595839999999999,13.99728,23.609520000000003,32.17632,53.78207999999999,None,None,16.90128636528029,10.966935881183586,9.299253333333333,1.4149880698044377,16.90128636528029,10.966935881183586,16.7795456227758,10.922010415549051
-87.622,41.895,0,0,None,None,None,None,None,None,None,0,None,None,None,None,None,None,None,0,None,None,None,None,None,None,None,0,None,None,None,None,None,None,None,0,None,None,None,None,None,None,None,None,None,None,None,None,None,None,None,None,None
-87.622,41.8955,4826,0,None,None,None,None,None,None,None,102,0.23231999999999997,0.9292799999999999,1.5100799999999999,4.18176,7.20192,8.351904,15.79776,4474,0.11615999999999999,2.20704,5.227199999999999,9.408959999999999,14.055359999999999,19.28256,37.51968,102,0.23231999999999997,0.9292799999999999,1.5100799999999999,4.18176,7.20192,8.351904,15.79776,4576,0.11615999999999999,2.09088,5.11104,9.2928,13.9392,19.1664,37.51968,None,None,4.554155294117646,3.1848024124547907,10.26352575771122,6.569667055639492,4.554155294117646,3.1848024124547907,10.136262692307692,6.567720533647915
-87.6215,41.8915,455,0,None,None,None,None,None,None,None,0,None,None,None,None,None,None,None,408,0.11615999999999999,0.5808,1.04544,1.97472,4.76256,8.1312,12.7776,0,None,None,None,None,None,None,None,408,0.11615999999999999,0.5808,1.04544,1.97472,4.76256,8.1312,12.7776,None,None,None,None,3.174185882352941,2.9332888652742453,None,None,3.174185882352941,2.9332888652742453
-87.6215,41.8925,44,0,None,None,None,None,None,None,None,0,None,None,None,None,None,None,None,32,0.11615999999999999,0.11615999999999999,0.11615999999999999,3.8913599999999997,4.9368,5.784768000000001,6.737279999999999,0,None,None,None,None,None,None,None,32,0.11615999999999999,0.11615999999999999,0.11615999999999999,3.8913599999999997,4.9368,5.784768000000001,6.737279999999999,None,None,None,None,3.10365,2.2588256536306646,None,None,3.10365,2.2588256536306646
-87.6215,41.893,0,0,None,None,None,None,None,None,None,0,None,None,None,None,None,None,None,0,None,None,None,None,None,None,None,0,None,None,None,None,None,None,None,0,None,None,None,None,None,None,None,None,None,None,None,None,None,None,None,None,None
-87.6215,41.8935,0,0,None,None,None,None,None,None,None,0,None,None,None,None,None,None,None,0,None,None,None,None,None,None,None,0,None,None,None,None,None,None,None,0,None,None,None,None,None,None,None,None,None,None,None,None,None,None,None,None,None
-87.6215,41.894,0,0,None,None,None,None,None,None,None,0,None,None,None,None,None,None,None,0,None,None,None,None,None,None,None,0,None,None,None,None,None,None,None,0,None,None,None,None,None,None,None,None,None,None,None,None,None,None,None,None,None
-87.6215,41.8945,1403,0,None,None,None,None,None,None,None,1154,0.11615999999999999,1.62624,3.13632,5.4595199999999995,7.66656,14.136672000000004,29.38848,0,None,None,None,None,None,None,None,1154,0.11615999999999999,1.62624,3.13632,5.4595199999999995,7.66656,14.136672000000004,29.38848,1154,0.11615999999999999,1.62624,3.13632,5.4595199999999995,7.66656,14.136672000000004,29.38848,None,None,6.644176083188908,5.46338037260456,None,None,6.644176083188908,5.46338037260456,6.644176083188908,5.46338037260456
-87.6215,41.895,0,0,None,None,None,None,None,None,None,0,None,None,None,None,None,None,None,0,None,None,None,None,None,None,None,0,None,None,None,None,None,None,None,0,None,None,None,None,None,None,None,None,None,None,None,None,None,None,None,None,None
-87.6215,41.8955,1480,0,None,None,None,None,None,None,None,130,0.11615999999999999,1.3939199999999998,2.7878399999999997,6.0403199999999995,9.8736,14.090208,32.17632,1273,0.6969599999999999,3.7171199999999995,9.176639999999999,15.79776,23.232,27.181439999999995,37.751999999999995,130,0.11615999999999999,1.3939199999999998,2.7878399999999997,6.0403199999999995,9.8736,14.090208,32.17632,1403,0.11615999999999999,3.0201599999999997,7.89888,14.63616,22.6512,27.065279999999998,37.751999999999995,None,None,7.388669538461538,6.08699026327422,16.001814925373136,8.478815839844248,7.388669538461538,6.08699026327422,15.203733029223093,8.654435766238736
-87.621,41.8915,302,0,None,None,None,None,None,None,None,0,None,None,None,None,None,None,None,282,0.23231999999999997,1.27776,1.62624,2.3232,3.3686399999999996,4.41408,8.47968,0,None,None,None,None,None,None,None,282,0.23231999999999997,1.27776,1.62624,2.3232,3.3686399999999996,4.41408,8.47968,None,None,None,None,2.697218723404255,1.5341650630348314,None,None,2.697218723404255,1.5341650630348314
-87.621,41.8925,54,0,None,None,None,None,None,None,None,0,None,None,None,None,None,None,None,38,0.6969599999999999,1.452,2.8749599999999997,6.6211199999999995,7.985999999999999,9.188256000000003,10.802879999999998,0,None,None,None,None,None,None,None,38,0.6969599999999999,1.452,2.8749599999999997,6.6211199999999995,7.985999999999999,9.188256000000003,10.802879999999998,None,None,None,None,5.887477894736842,3.011105848672769,None,None,5.887477894736842,3.011105848672769
-87.621,41.8935,0,0,None,None,None,None,None,None,None,0,None,None,None,None,None,None,None,0,None,None,None,None,None,None,None,0,None,None,None,None,None,None,None,0,None,None,None,None,None,None,None,None,None,None,None,None,None,None,None,None,None
-87.621,41.894,0,0,None,None,None,None,None,None,None,0,None,None,None,None,None,None,None,0,None,None,None,None,None,None,None,0,None,None,None,None,None,None,None,0,None,None,None,None,None,None,None,None,None,None,None,None,None,None,None,None,None
-87.621,41.8945,133,0,None,None,None,None,None,None,None,76,0.46463999999999994,12.603359999999999,20.26992,23.870879999999996,29.185200000000002,33.105599999999995,38.44896,0,None,None,None,None,None,None,None,76,0.46463999999999994,12.603359999999999,20.26992,23.870879999999996,29.185200000000002,33.105599999999995,38.44896,76,0.46463999999999994,12.603359999999999,20.26992,23.870879999999996,29.185200000000002,33.105599999999995,38.44896,None,None,23.554496842105262,8.339744704918196,None,None,23.554496842105262,8.339744704918196,23.554496842105262,8.339744704918196
-87.621,41.895,1312,0,None,None,None,None,None,None,None,1240,0.34847999999999996,20.21184,26.716799999999996,31.71168,36.61944,40.89993600000001,63.65568,0,None,None,None,None,None,None,None,1240,0.34847999999999996,20.21184,26.716799999999996,31.71168,36.61944,40.89993600000001,63.65568,1240,0.34847999999999996,20.21184,26.716799999999996,31.71168,36.61944,40.89993600000001,63.65568,None,None,31.051502580645156,8.45844125273917,None,None,31.051502580645156,8.45844125273917,31.051502580645156,8.45844125273917
-87.621,41.8955,1967,0,None,None,None,None,None,None,None,225,0.11615999999999999,0.23231999999999997,0.34847999999999996,0.6969599999999999,1.7424,5.529215999999998,35.66112,1420,1.1616,5.4595199999999995,13.59072,19.57296,25.821839999999998,31.618752000000033,64.70112,225,0.11615999999999999,0.23231999999999997,0.34847999999999996,0.6969599999999999,1.7424,5.529215999999998,35.66112,1645,0.11615999999999999,1.3939199999999998,8.82816,18.353279999999998,24.9744,31.014719999999997,64.70112,None,None,2.9767935999999993,6.591034090395759,20.03373171830986,10.369074292712467,2.9767935999999993,6.591034090395759,17.7007158662614,11.537099077974604
-87.6205,41.891,0,0,None,None,None,None,None,None,None,0,None,None,None,None,None,None,None,0,None,None,None,None,None,None,None,0,None,None,None,None,None,None,None,0,None,None,None,None,None,None,None,None,None,None,None,None,None,None,None,None,None
-87.6205,41.8915,372,0,None,None,None,None,None,None,None,0,None,None,None,None,None,None,None,258,0.11615999999999999,0.34847999999999996,0.9292799999999999,2.6136,4.268879999999999,5.9241600000000005,9.52512,0,None,None,None,None,None,None,None,258,0.11615999999999999,0.34847999999999996,0.9292799999999999,2.6136,4.268879999999999,5.9241600000000005,9.52512,None,None,None,None,2.849098914728682,2.1077555912624324,None,None,2.849098914728682,2.1077555912624324
-87.6205,41.892,72,0,None,None,None,None,None,None,None,0,None,None,None,None,None,None,None,70,5.69184,8.107968,9.20568,10.919039999999999,13.41648,14.647776,17.191679999999998,0,None,None,None,None,None,None,None,70,5.69184,8.107968,9.20568,10.919039999999999,13.41648,14.647776,17.191679999999998,None,None,None,None,11.226034285714285,2.4959951625070858,None,None,11.226034285714285,2.4959951625070858
-87.6205,41.8925,117,0,None,None,None,None,None,None,None,0,None,None,None,None,None,None,None,0,None,None,None,None,None,None,None,0,None,None,None,None,None,None,None,0,None,None,None,None,None,None,None,None,None,None,None,None,None,None,None,None,None
-87.6205,41.893,3,0,None,None,None,None,None,None,None,0,None,None,None,None,None,None,None,3,7.89888,9.548352000000001,12.022559999999999,16.14624,18.527519999999996,19.956287999999997,20.908799999999996,0,None,None,None,None,None,None,None,3,7.89888,9.548352000000001,12.022559999999999,16.14624,18.527519999999996,19.956287999999997,20.908799999999996,None,None,None,None,14.984639999999997,5.374414108942479,None,None,14.984639999999997,5.374414108942479
-87.6205,41.8935,27,0,None,None,None,None,None,None,None,0,None,None,None,None,None,None,None,26,9.176639999999999,13.590719999999997,16.78512,19.921439999999997,22.18656,22.59312,24.3936,0,None,None,None,None,None,None,None,26,9.176639999999999,13.590719999999997,16.78512,19.921439999999997,22.18656,22.59312,24.3936,None,None,None,None,19.010030769230767,3.8178071153486917,None,None,19.010030769230767,3.8178071153486917
-87.6205,41.894,0,0,None,None,None,None,None,None,None,0,None,None,None,None,None,None,None,0,None,None,None,None,None,None,None,0,None,None,None,None,None,None,None,0,None,None,None,None,None,None,None,None,None,None,None,None,None,None,None,None,None
-87.6205,41.8945,46,0,None,None,None,None,None,None,None,0,None,None,None,None,None,None,None,0,None,None,None,None,None,None,None,0,None,None,None,None,None,None,None,0,None,None,None,None,None,None,None,None,None,None,None,None,None,None,None,None,None
-87.6205,41.895,1156,0,None,None,None,None,None,None,None,1068,0.6969599999999999,24.207743999999998,38.042399999999994,49.251839999999994,57.17976,63.42336,82.70592,26,4.41408,14.05536,20.647439999999996,26.94912,35.80632,39.61056,43.327679999999994,1068,0.6969599999999999,24.207743999999998,38.042399999999994,49.251839999999994,57.17976,63.42336,82.70592,1094,0.6969599999999999,23.301696000000003,37.1712,48.90335999999999,57.03456,63.07487999999999,82.70592,None,None,46.426445168539324,15.035417719307656,27.22611692307692,10.06279831674255,46.426445168539324,15.035417719307656,45.970130237659966,15.220081165115177
-87.6205,41.8955,3869,0,None,None,None,None,None,None,None,713,0.6969599999999999,8.94432,19.28256,28.34304,35.08032,40.191359999999996,82.70592,2834,1.5100799999999999,10.454399999999998,20.67648,33.6864,44.837759999999996,52.03968,70.74144,713,0.6969599999999999,8.94432,19.28256,28.34304,35.08032,40.191359999999996,82.70592,3547,0.6969599999999999,9.757439999999999,20.44416,31.944,42.86304,50.87808,82.70592,None,None,27.133216493688636,12.650980664395814,32.508586139731825,15.311879868351015,27.133216493688636,12.650980664395814,31.428056521003665,14.971225004833576
-87.62,41.891,0,0,None,None,None,None,None,None,None,0,None,None,None,None,None,None,None,0,None,None,None,None,None,None,None,0,None,None,None,None,None,None,None,0,None,None,None,None,None,None,None,None,None,None,None,None,None,None,None,None,None
-87.62,41.8915,2515,0,None,None,None,None,None,None,None,0,None,None,None,None,None,None,None,2144,0.11615999999999999,0.23231999999999997,1.04544,3.60096,5.11104,6.853439999999999,12.900799999999998,0,None,None,None,None,None,None,None,2144,0.11615999999999999,0.23231999999999997,1.04544,3.60096,5.11104,6.853439999999999,12.900799999999998,None,None,None,None,3.577449552238806,2.6260650273526878,None,None,3.577449552238806,2.6260650273526878
-87.62,41.892,2801,0,None,None,None,None,None,None,None,0,None,None,None,None,None,None,None,2627,0.11615999999999999,1.04544,2.904,5.4595199999999995,8.595839999999999,11.0352,17.65632,0,None,None,None,None,None,None,None,2627,0.11615999999999999,1.04544,2.904,5.4595199999999995,8.595839999999999,11.0352,17.65632,None,None,None,None,5.835724522268747,3.6748516500673665,None,None,5.835724522268747,3.6748516500673665
-87.62,41.8925,4278,0,None,None,None,None,None,None,None,0,None,None,None,None,None,None,None,3665,0.11615999999999999,5.808,10.68672,17.191679999999998,25.206719999999997,31.3632,47.62559999999999,0,None,None,None,None,None,None,None,3665,0.11615999999999999,5.808,10.68672,17.191679999999998,25.206719999999997,31.3632,47.62559999999999,None,None,None,None,18.122311814461117,9.633678175201611,None,None,18.122311814461117,9.633678175201611
-87.62,41.893,1231,0,None,None,None,None,None,None,None,0,None,None,None,None,None,None,None,1079,1.7424,14.845248000000002,22.0704,31.014719999999997,37.22928,41.81759999999999,56.221439999999994,0,None,None,None,None,None,None,None,1079,1.7424,14.845248000000002,22.0704,31.014719999999997,37.22928,41.81759999999999,56.221439999999994,None,None,None,None,29.424443373493975,10.413007317498325,None,None,29.424443373493975,10.413007317498325
-87.62,41.8935,8334,0,None,None,None,None,None,None,None,0,None,None,None,None,None,None,None,7600,0.11615999999999999,23.58048,30.08544,35.77728,41.12064,45.999359999999996,72.0192,0,None,None,None,None,None,None,None,7600,0.11615999999999999,23.58048,30.08544,35.77728,41.12064,45.999359999999996,72.0192,None,None,None,None,35.14243203157894,9.259430071626818,None,None,35.14243203157894,9.259430071626818
-87.62,41.894,1497,0,None,None,None,None,None,None,None,0,None,None,None,None,None,None,None,1349,0.11615999999999999,6.853439999999999,14.055359999999999,28.226879999999998,39.37824,44.48928,66.55967999999999,0,None,None,None,None,None,None,None,1349,0.11615999999999999,6.853439999999999,14.055359999999999,28.226879999999998,39.37824,44.48928,66.55967999999999,None,None,None,None,27.042821408450706,14.326444393949766,None,None,27.042821408450706,14.326444393949766
-87.62,41.8945,1742,0,None,None,None,None,None,None,None,0,None,None,None,None,None,None,None,1482,0.6969599999999999,3.83328,12.42912,22.0704,29.01096,34.848,64.81728,0,None,None,None,None,None,None,None,1482,0.6969599999999999,3.83328,12.42912,22.0704,29.01096,34.848,64.81728,None,None,None,None,21.139345748987854,11.241234150308735,None,None,21.139345748987854,11.241234150308735
-87.62,41.895,1600,0,None,None,None,None,None,None,None,114,1.2848,14.740704000000001,32.98944,73.35504,87.29424,95.390592,114.4176,1390,0.6969599999999999,8.584223999999999,16.37856,30.2016,37.51968,44.25696,77.71104,114,1.2848,14.740704000000001,32.98944,73.35504,87.29424,95.390592,114.4176,1504,0.6969599999999999,8.712,16.697999999999997,30.95664,38.56512,48.55488,114.4176,None,None,60.93696491228069,31.34896907365536,28.024369841726614,14.30224884670413,60.93696491228069,31.34896907365536,30.51907452127659,18.423467321498848
-87.62,41.8955,991,0,None,None,None,None,None,None,None,146,9.989759999999999,65.9208,78.2628,89.55936,100.10088,111.33936,133.11935999999997,802,0.5808,4.18176,12.80664,19.514879999999998,27.18144,35.41718399999999,51.6912,146,9.989759999999999,65.9208,78.2628,89.55936,100.10088,111.33936,133.11935999999997,948,0.5808,4.994879999999999,14.142479999999999,21.721919999999997,34.52856,83.20540799999999,133.11935999999997,None,None,87.66897534246574,19.775585541716538,20.224331172069824,11.113227089970927,87.66897534246574,19.775585541716538,30.61137552742616,27.5203864318797
